date,humidity,humidity_n_stations
2022-09-25,54.27309147281324,423
2022-09-26,51.46201237825059,423
2022-09-27,48.541956608490565,424
2022-09-28,50.68305140330189,424
2022-09-29,55.084231995271864,423
2022-09-30,59.79502311217184,419
2022-10-01,63.25489173493976,415
2022-10-02,63.08279877777778,414
2022-10-03,61.07285263461539,416
2022-10-04,61.121881332530116,415
2022-10-05,59.65102373621103,417
2022-10-06,58.6054125430622,418
2022-10-07,58.902745045346066,419
2022-10-08,56.142244727923625,419
2022-10-09,55.44972598568019,419
2022-10-10,56.11792931980907,419
2022-10-11,56.34112348086125,418
2022-10-12,57.814096766109785,419
2022-10-13,57.113224683333335,420
2022-10-14,52.232022648325355,418
2022-10-15,57.079926619617225,418
2022-10-16,62.00037277033493,418
2022-10-17,59.51600978520286,419
2022-10-18,52.06253251068883,421
2022-10-19,46.92117724703088,421
2022-10-20,44.429600722748816,422
2022-10-21,46.926044713270144,422
2022-10-22,57.16231447268409,421
2022-10-23,61.878596028503566,421
2022-10-24,59.86665242992874,421
2022-10-25,60.348400695962,421
2022-10-26,64.6312911472684,421
2022-10-27,58.83292812826603,421
2022-10-28,57.037731312796204,422
2022-10-29,57.080511703087886,421
2022-10-30,58.77579502857142,420
2022-10-31,60.99810150952381,420
2022-11-01,62.43637194033413,419
2022-11-02,64.77911963397129,418
2022-11-03,68.5757276354916,417
2022-11-04,66.99600717745804,417
2022-11-05,65.57733390865384,416
2022-11-06,64.86002718509616,416
2022-11-07,63.73738482254197,417
2022-11-08,66.35221112740385,416
2022-11-09,67.25146863855421,415
2022-11-10,66.9788297584541,414
2022-11-11,68.45996138834951,412
2022-11-12,66.42984370631068,412
2022-11-13,63.63666352184465,412
2022-11-14,63.48477846376811,414
2022-11-15,66.9217354313253,415
2022-11-16,62.47963856354916,417
2022-11-17,59.05064484172662,417
2022-11-18,57.17080277458034,417
2022-11-19,53.23390472355769,416
2022-11-20,49.234158002409636,415
2022-11-21,50.273997442583735,418
2022-11-22,53.536592734449755,418
2022-11-23,58.366183446043166,417
2022-11-24,60.62874938609113,417
2022-11-25,60.97708298561151,417
2022-11-26,62.37620512709832,417
2022-11-27,67.16778787529975,417
2022-11-28,67.733504569378,418
2022-11-29,68.27939985406698,418
2022-11-30,63.603418181818185,418
2022-12-01,58.56192884134615,416
2022-12-02,67.03576983373495,415
2022-12-03,70.52948755932204,413
2022-12-04,69.61980081642511,414
2022-12-05,74.5244167125604,414
2022-12-06,79.22572676213592,412
2022-12-07,80.6193269589372,414
2022-12-08,76.7385331180723,415
2022-12-09,72.15125305569008,413
2022-12-10,73.56163095157385,413
2022-12-11,75.0160618907767,412
2022-12-12,77.87278633253013,415
2022-12-13,75.05235646265061,415
2022-12-14,73.26844033574879,414
2022-12-15,72.78845536956521,414
2022-12-16,66.62232697820824,413
2022-12-17,63.419733320388346,412
2022-12-18,64.17993124939467,413
2022-12-19,66.01031662560386,414
2022-12-20,67.62747475180723,415
2022-12-21,69.40242152048192,415
2022-12-22,71.25561708192771,415
2022-12-23,66.34293946973365,413
2022-12-24,63.138392931707315,410
2022-12-25,61.994397363414635,410
2022-12-26,65.7894514136253,411
2022-12-27,68.4771508478261,414
2022-12-28,70.31552580769231,416
2022-12-29,73.22236210144928,414
2022-12-30,78.25622983170732,410
2022-12-31,84.41915788807785,411
2023-01-01,80.94860841542288,402
2023-01-02,82.9461347531172,401
2023-01-03,83.2406153880597,402
2023-01-04,77.34332554094293,403
2023-01-05,75.48938023631841,402
2023-01-06,75.27573926237623,404
2023-01-07,71.38751143920595,403
2023-01-08,69.4571308560794,403
2023-01-09,73.50905026799008,403
2023-01-10,73.6848788159204,402
2023-01-11,76.07657831188119,404
2023-01-12,73.35629157425743,404
2023-01-13,70.41469754679802,406
2023-01-14,71.42596900000001,406
2023-01-15,73.83113167990075,403
2023-01-16,74.74450130445544,404
2023-01-17,77.13274414532019,406
2023-01-18,76.57395095320197,406
2023-01-19,74.62057628395063,405
2023-01-20,69.6079515049261,406
2023-01-21,70.54436029629629,405
2023-01-22,73.94868626419753,405
2023-01-23,68.6722563308642,405
2023-01-24,69.11329713546799,406
2023-01-25,72.70989751980198,404
2023-01-26,65.57002348138958,403
2023-01-27,63.51485056683169,404
2023-01-28,66.64944110421835,403
2023-01-29,74.10460317955112,401
2023-01-30,70.30742093052109,403
2023-01-31,63.07476622332506,403
2023-02-01,60.66778815189873,395
2023-02-02,61.87670040712468,393
2023-02-03,54.90633807106599,394
2023-02-04,56.31515037055838,394
2023-02-05,64.75929825888325,394
2023-02-06,65.99086516120906,397
2023-02-07,63.55465903266332,398
2023-02-08,65.433907325,400
2023-02-09,63.5237995875,400
2023-02-10,58.0442485436409,401
2023-02-11,58.118527456359104,401
2023-02-12,59.61562328428927,401
2023-02-13,59.07096007462686,402
2023-02-14,62.675274595,400
2023-02-15,60.368099602499996,400
2023-02-16,61.963787492499996,400
2023-02-17,57.00747155,400
2023-02-18,51.8684674,400
2023-02-19,56.466337245000005,400
2023-02-20,61.286163374999994,400
2023-02-21,64.73048108521303,399
2023-02-22,69.03574679949875,399
2023-02-23,72.1313515525,400
2023-02-24,69.65505903258145,399
2023-02-25,72.7298308459596,396
2023-02-26,74.0463267979798,396
2023-02-27,70.35645704534005,397
2023-02-28,69.30803909476309,401
2023-03-01,67.18314290953545,409
2023-03-02,68.23515447201946,411
2023-03-03,68.97170291727494,411
2023-03-04,67.98732116829268,410
2023-03-05,66.01872119756098,410
2023-03-06,65.01566200731708,410
2023-03-07,64.4589206902439,410
2023-03-08,63.91815005839416,411
2023-03-09,65.47336723543688,412
2023-03-10,74.86715605084746,413
2023-03-11,72.51032876029056,413
2023-03-12,74.28817404600484,413
2023-03-13,70.69654828813559,413
2023-03-14,67.75834258353511,413
2023-03-15,64.83404591747573,412
2023-03-16,63.09978616788322,411
2023-03-17,63.13902420437956,411
2023-03-18,52.571876176039126,409
2023-03-19,53.17524344362745,408
2023-03-20,59.042264953545235,409
2023-03-21,66.30406239999999,410
2023-03-22,73.73965632107843,408
2023-03-23,74.96520895110025,409
2023-03-24,68.29985672549019,408
2023-03-25,63.982628184275185,407
2023-03-26,59.129290926289926,407
2023-03-27,58.73408837254902,408
2023-03-28,56.73782454166667,408
2023-03-29,59.43150565770171,409
2023-03-30,62.66614302682927,410
2023-03-31,64.16559774754903,408
2023-04-01,58.149539288834944,412
2023-04-02,55.47603969852941,408
2023-04-03,59.34215004136253,411
2023-04-04,64.53577140096618,414
2023-04-05,60.26909323429952,414
2023-04-06,53.711362447115384,416
2023-04-07,51.536209115384615,416
2023-04-08,52.60295781730769,416
2023-04-09,52.17577522596154,416
2023-04-10,51.4407295,416
2023-04-11,48.835148158653844,416
2023-04-12,47.79731001923077,416
2023-04-13,51.729476709832134,417
2023-04-14,56.859230893975905,415
2023-04-15,59.67578122222222,414
2023-04-16,57.59419798547216,413
2023-04-17,52.70632554457832,415
2023-04-18,53.035697423076925,416
2023-04-19,52.09977011352657,414
2023-04-20,50.599838748201435,417
2023-04-21,54.005299120192305,416
2023-04-22,57.5162335377129,411
2023-04-23,57.08213920192308,416
2023-04-24,55.36559621875001,416
2023-04-25,59.86470103349282,418
2023-04-26,58.72379450119904,417
2023-04-27,58.08985417266187,417
2023-04-28,58.403958243373495,415
2023-04-29,55.04526744660194,412
2023-04-30,56.155707016990284,412
2023-05-01,52.643429851941754,412
2023-05-02,53.603951719128325,413
2023-05-03,53.34547115421687,415
2023-05-04,61.95572376682692,416
2023-05-05,62.296816004807695,416
2023-05-06,61.35074206024096,415
2023-05-07,61.42914465301205,415
2023-05-08,60.226388838554215,415
2023-05-09,58.666985218446605,412
2023-05-10,57.1896700776699,412
2023-05-11,60.21937661407767,412
2023-05-12,60.82361097349398,415
2023-05-13,61.56945692978208,413
2023-05-14,60.65338105825243,412
2023-05-15,58.56225802682927,410
2023-05-16,57.484249309927364,413
2023-05-17,55.28085726699029,412
2023-05-18,57.096027389294406,411
2023-05-19,61.90227973607748,413
2023-05-20,61.51389764320388,412
2023-05-21,57.13345199514563,412
2023-05-22,55.72616872639225,413
2023-05-23,57.630980922330096,412
2023-05-24,59.23745366343825,413
2023-05-25,56.198138046116505,412
2023-05-26,55.96552774271844,412
2023-05-27,54.77870509002433,411
2023-05-28,57.37977257420925,411
2023-05-29,56.68095622249389,409
2023-05-30,56.16804017274939,411
2023-05-31,57.42592208937198,414
2023-06-01,59.21586495923261,417
2023-06-02,59.71823017505995,417
2023-06-03,59.987415539568346,417
2023-06-04,58.95106931490385,416
2023-06-05,57.95627223076924,416
2023-06-06,57.87571460047847,418
2023-06-07,60.29261043914081,419
2023-06-08,59.115256107655505,418
2023-06-09,57.759312736842105,418
2023-06-10,60.25819585851319,417
2023-06-11,64.78812320432692,416
2023-06-12,66.21781675059952,417
2023-06-13,63.71510952997602,417
2023-06-14,62.47409705023924,418
2023-06-15,62.61302937889688,417
2023-06-16,61.27854050359712,417
2023-06-17,58.646536881927716,415
2023-06-18,57.10450511352657,414
2023-06-19,57.775438667475726,412
2023-06-20,57.808722313253014,415
2023-06-21,57.580128148681055,417
2023-06-22,59.271237992771084,415
2023-06-23,60.72618550843374,415
2023-06-24,58.40461257004831,414
2023-06-25,56.14588140096618,414
2023-06-26,56.62101120673076,416
2023-06-27,58.980062930622005,418
2023-06-28,59.269631925837324,418
2023-06-29,58.500926482014385,417
2023-06-30,57.61191883894231,416
2023-07-01,57.3010781642512,414
2023-07-02,56.27689173188406,414
2023-07-03,55.16056272048193,415
2023-07-04,57.91603713075061,413
2023-07-05,58.62972233975904,415
2023-07-06,58.285473255421685,415
2023-07-07,58.57886523373494,415
2023-07-08,60.35766880145279,413
2023-07-09,58.72749460583942,411
2023-07-10,54.90608607748184,413
2023-07-11,50.65201260869565,414
2023-07-12,50.6712584842615,413
2023-07-13,52.0566782276029,413
2023-07-14,54.25660195620438,411
2023-07-15,55.57511236585366,410
2023-07-16,55.32013492665036,409
2023-07-17,52.30505848668281,413
2023-07-18,52.793861762135926,412
2023-07-19,55.38366371186441,413
2023-07-20,56.34378899270073,411
2023-07-21,55.227025474327625,409
2023-07-22,51.228315767726166,409
2023-07-23,51.12896517359413,409
2023-07-24,53.127071009779954,409
2023-07-25,52.86787084184915,411
2023-07-26,50.80869412348668,413
2023-07-27,52.4807419686747,415
2023-07-28,52.12523872463768,414
2023-07-29,53.5625492566586,413
2023-07-30,51.36959878345499,411
2023-07-31,54.29597152173913,414
2023-08-01,55.87849447242206,417
2023-08-02,58.00234977511962,418
2023-08-03,60.68282301913875,418
2023-08-04,61.049178776978415,417
2023-08-05,59.21990023501199,417
2023-08-06,58.86737155635492,417
2023-08-07,60.01086177218225,417
2023-08-08,59.81328477697841,417
2023-08-09,59.640216802884616,416
2023-08-10,59.86310521634615,416
2023-08-11,59.04157166987952,415
2023-08-12,58.472723915458936,414
2023-08-13,58.59021208695653,414
2023-08-14,57.66757785336539,416
2023-08-15,56.633751746411484,418
2023-08-16,53.614022543062205,418
2023-08-17,55.51818004076738,417
2023-08-18,54.49843968105515,417
2023-08-19,56.90497637740385,416
2023-08-20,66.12805412106538,413
2023-08-21,65.6479921826923,416
2023-08-22,62.785445743405276,417
2023-08-23,60.78162382608696,414
2023-08-24,60.592387461538465,416
2023-08-25,62.42459374457832,415
2023-08-26,59.90027030843373,415
2023-08-27,57.85982073798077,416
2023-08-28,55.988491403846155,416
2023-08-29,54.319518978417264,417
2023-08-30,51.8110308444976,418
2023-08-31,49.717833480861245,418
2023-09-01,56.694199011990406,417
2023-09-02,62.251860788461535,416
2023-09-03,62.43169948433735,415
2023-09-04,64.17438137590361,415
2023-09-05,61.81436221256039,414
2023-09-06,58.3986046618705,417
2023-09-07,55.208707539568344,417
2023-09-08,53.755177759615385,416
2023-09-09,55.66794335731415,417
2023-09-10,60.21962573798077,416
2023-09-11,63.945917317307696,416
2023-09-12,63.034786675480774,416
2023-09-13,63.245127697115386,416
2023-09-14,62.36755856698564,418
2023-09-15,60.47308966028708,418
2023-09-16,59.67175432296651,418
2023-09-17,59.45718034210527,418
2023-09-18,57.979101732057416,418
2023-09-19,58.43803276019185,417
2023-09-20,60.06675065155131,419
2023-09-21,63.92854151073986,419
2023-09-22,64.24193059665872,419
2023-09-23,62.19187105011933,419
2023-09-24,61.772225820574164,418
2023-09-25,59.755780332535885,418
2023-09-26,58.688346227817746,417
2023-09-27,58.38740290191387,418
2023-09-28,60.440660522673035,419
2023-09-29,62.47415984210526,418
2023-09-30,62.644342021634614,416
2023-10-01,64.37668770873786,412
2023-10-02,66.16948972048192,415
2023-10-03,64.55140156144579,415
2023-10-04,62.262750830917874,414
2023-10-05,61.76257709397591,415
2023-10-06,59.152886843373494,415
2023-10-07,56.44976091346154,416
2023-10-08,52.43966176442307,416
2023-10-09,53.94311331807229,415
2023-10-10,58.447946824096384,415
2023-10-11,65.2253182139423,416
2023-10-12,67.33219546859902,414
2023-10-13,63.369998983132525,415
2023-10-14,64.55399666019417,412
2023-10-15,59.30307379611651,412
2023-10-16,59.289511872289154,415
2023-10-17,58.327931853365385,416
2023-10-18,56.97382927228915,415
2023-10-19,57.196250187951804,415
2023-10-20,56.41895891304348,414
2023-10-21,57.43539392251816,413
2023-10-22,60.7892462902439,410
2023-10-23,63.85006837046005,413
2023-10-24,66.87088000728156,412
2023-10-25,68.26606410653753,413
2023-10-26,69.80431664648911,413
2023-10-27,68.34167806779661,413
2023-10-28,67.6705677330097,412
2023-10-29,63.1276329684466,412
2023-10-30,57.84334966828087,413
2023-10-31,51.82380065700483,414
2023-11-01,49.76366013399504,403
2023-11-02,48.40540825742574,404
2023-11-03,50.9275073866995,406
2023-11-04,56.79339314814815,405
2023-11-05,58.002905398514855,404
2023-11-06,59.64006090841584,404
2023-11-07,65.59391143349754,406
2023-11-08,61.08490178078817,406
2023-11-09,58.0863316765432,405
2023-11-10,56.403090425742576,404
2023-11-11,54.84717191770574,401
2023-11-12,52.17873257605984,401
2023-11-13,52.19617202716049,405
2023-11-14,52.64207502970297,404
2023-11-15,57.9509985382716,405
2023-11-16,70.56366476790124,405
2023-11-17,72.18189998267327,404
2023-11-18,70.89875170471464,403
2023-11-19,67.3563172970297,404
2023-11-20,62.17504891831683,404
2023-11-21,63.62540009429281,403
2023-11-22,62.29053451243781,402
2023-11-23,64.97200726433915,401
2023-11-24,66.53018976309227,401
2023-11-25,65.40746166084787,401
2023-11-26,67.92387812718204,401
2023-11-27,61.887050079207924,404
2023-11-28,56.846213116336635,404
2023-11-29,60.715972745049505,404
2023-11-30,70.32543939950372,403
2023-12-01,77.16897678908188,403
2023-12-02,77.45854001745636,401
2023-12-03,74.65263771321696,401
2023-12-04,68.63575584538654,401
2023-12-05,66.56691273182958,399
2023-12-06,64.315977518797,399
2023-12-07,63.95369895989975,399
2023-12-08,67.06833851005025,398
2023-12-09,64.53409609343434,396
2023-12-10,61.9578543324937,397
2023-12-11,62.87872173551637,397
2023-12-12,64.00280554156171,397
2023-12-13,62.66003489974937,399
2023-12-14,61.61842887218045,399
2023-12-15,60.46826160902256,399
2023-12-16,61.62099642713569,398
2023-12-17,66.25484305527638,398
2023-12-18,64.11044996984924,398
2023-12-19,64.16922419849246,398
2023-12-20,68.55935314357683,397
2023-12-21,72.7409747002519,397
2023-12-22,76.61939379899498,398
2023-12-23,79.92039419395466,397
2023-12-24,78.86099571032746,397
2023-12-25,75.27172653787879,396
2023-12-26,74.25530743434344,396
2023-12-27,74.518451239899,396
2023-12-28,74.59921785138539,397
2023-12-29,70.92193298737374,396
2023-12-30,72.82514441161617,396
2023-12-31,74.25676556455696,395
2024-01-01,72.45742425641025,390
2024-01-02,72.11171139487179,390
2024-01-03,73.80189331377551,392
2024-01-04,70.88579309693877,392
2024-01-05,69.98357636479592,392
2024-01-06,72.95276247058824,391
2024-01-07,70.95191682097186,391
2024-01-08,67.40678493367348,392
2024-01-09,70.71425921428572,392
2024-01-10,68.13950034438776,392
2024-01-11,65.72182652173913,391
2024-01-12,65.96936952295918,392
2024-01-13,66.4145014974359,390
2024-01-14,66.43366863333333,390
2024-01-15,68.24978325575448,391
2024-01-16,67.51098975191816,391
2024-01-17,65.78634876923077,390
2024-01-18,66.67329392525774,388
2024-01-19,69.79205195897435,390
2024-01-20,68.37502642820513,390
2024-01-21,70.98119010025707,389
2024-01-22,77.92808870076726,391
2024-01-23,80.34364212886598,388
2024-01-24,85.91351832989692,388
2024-01-25,84.41924753061224,392
2024-01-26,78.60024593573264,389
2024-01-27,73.84263537532134,389
2024-01-28,72.23306440102827,389
2024-01-29,68.79523063589744,390
2024-01-30,68.0575021150895,391
2024-01-31,67.60204892327366,391
2024-02-01,71.62600977692307,390
2024-02-02,77.80181028717948,390
2024-02-03,75.10437474611399,386
2024-02-04,71.99584977002584,387
2024-02-05,70.73561671428571,385
2024-02-06,71.81969789664083,387
2024-02-07,72.53098397674418,387
2024-02-08,69.04818267525773,388
2024-02-09,73.2976211185567,388
2024-02-10,72.01563377002584,387
2024-02-11,68.75876000515464,388
2024-02-12,68.03184395360825,388
2024-02-13,65.3531686056701,388
2024-02-14,63.35173152564103,390
2024-02-15,67.29676285421995,391
2024-02-16,68.18474280769232,390
2024-02-17,66.1087599539642,391
2024-02-18,62.32169195652174,391
2024-02-19,64.31541294358975,390
2024-02-20,66.08153896930946,391
2024-02-21,67.00696992307692,390
2024-02-22,68.76750413881747,389
2024-02-23,62.636473076923075,390
2024-02-24,54.646069287179486,390
2024-02-25,52.201433353846156,390
2024-02-26,57.9062086025641,390
2024-02-27,64.31916874871796,390
2024-02-28,61.64723372378516,391
2024-02-29,54.28824341794872,390
2024-03-01,61.51888118766067,389
2024-03-02,71.15245104884319,389
2024-03-03,68.64861570179949,389
2024-03-04,68.52187033676093,389
2024-03-05,70.85845296382429,387
2024-03-06,72.64425999742268,388
2024-03-07,75.14037442307692,390
2024-03-08,70.41281730769231,390
2024-03-09,64.15447805384615,390
2024-03-10,54.324020864102565,390
2024-03-11,51.682008807692306,390
2024-03-12,57.93171681725888,394
2024-03-13,62.14207886294417,394
2024-03-14,60.550293329949234,394
2024-03-15,65.29442849489796,392
2024-03-16,63.08339570918367,392
2024-03-17,59.213593117346946,392
2024-03-18,53.59670607397959,392
2024-03-19,50.737626096446704,394
2024-03-20,51.86208834517767,394
2024-03-21,53.35816265394402,393
2024-03-22,59.16757426530612,392
2024-03-23,66.78049809693877,392
2024-03-24,65.30464612499999,392
2024-03-25,64.1369672117347,392
2024-03-26,67.44285424556962,395
2024-03-27,64.57761578987342,395
2024-03-28,60.881325744897964,392
2024-03-29,58.939092956743,393
2024-03-30,65.99551467857142,392
2024-03-31,71.324400657289,391
2024-04-01,70.8822207841191,403
2024-04-02,65.46073273762376,404
2024-04-03,60.961308441975305,405
2024-04-04,58.89019797542998,407
2024-04-05,57.77487532019704,406
2024-04-06,59.94615090886699,406
2024-04-07,55.4728828960396,404
2024-04-08,53.71501417487684,406
2024-04-09,53.21873640394089,406
2024-04-10,57.250235206896555,406
2024-04-11,57.269110657635466,406
2024-04-12,52.677708083538086,407
2024-04-13,50.6046309308642,405
2024-04-14,53.08765202970297,404
2024-04-15,58.99250565763547,406
2024-04-16,53.51191927941177,408
2024-04-17,57.13690568550369,407
2024-04-18,60.07735229238329,407
2024-04-19,57.491789746305415,406
2024-04-20,55.302791275184276,407
2024-04-21,50.30308746191647,407
2024-04-22,47.161603840686276,408
2024-04-23,51.748803254901965,408
2024-04-24,54.83380918872549,408
2024-04-25,58.7876891990172,407
2024-04-26,64.81785182843137,408
2024-04-27,66.80260057037037,405
2024-04-28,64.35536694074074,405
2024-04-29,58.790224145320195,406
2024-04-30,56.116727284313725,408
2024-05-01,55.42030720681265,411
2024-05-02,56.48167081219513,410
2024-05-03,61.209193885085575,409
2024-05-04,65.60467422249388,409
2024-05-05,67.16723050735294,408
2024-05-06,66.80165764390244,410
2024-05-07,58.209631420537896,409
2024-05-08,58.54511253789731,409
2024-05-09,59.74379361463415,410
2024-05-10,58.122212936430316,409
2024-05-11,54.172756675609754,410
2024-05-12,55.90424539119804,409
2024-05-13,57.88698675061124,409
2024-05-14,62.20731122493888,409
2024-05-15,62.308355534146344,410
2024-05-16,60.9973200804878,410
2024-05-17,59.11295935452323,409
2024-05-18,58.351330100244496,409
2024-05-19,56.392118535279806,411
2024-05-20,60.345796752427184,412
2024-05-21,58.656819677184465,412
2024-05-22,54.91756417961165,412
2024-05-23,57.556805560679614,412
2024-05-24,56.739578743341404,413
2024-05-25,60.75863638014528,413
2024-05-26,60.23583391747572,412
2024-05-27,58.5087440902439,410
2024-05-28,54.67945031476998,413
2024-05-29,54.01251607038835,412
2024-05-30,52.03475666343825,413
2024-05-31,50.25419485679612,412
2024-06-01,53.438019439320385,412
2024-06-02,57.49845636253041,411
2024-06-03,60.12838613868613,411
2024-06-04,58.53953674576272,413
2024-06-05,56.82651253381643,414
2024-06-06,53.12379677349397,415
2024-06-07,49.89499978554216,415
2024-06-08,53.55198547572815,412
2024-06-09,55.62768083902439,410
2024-06-10,54.520790635922324,412
2024-06-11,52.48763229227053,414
2024-06-12,49.47959219082126,414
2024-06-13,49.538179031477,413
2024-06-14,51.58991277128954,411
2024-06-15,47.28510416097561,410
2024-06-16,47.48369765853659,410
2024-06-17,53.37033182195122,410
2024-06-18,52.253178508515816,411
2024-06-19,53.09946442579076,411
2024-06-20,54.994438851219506,410
2024-06-21,56.84244400243309,411
2024-06-22,53.77607828850856,409
2024-06-23,50.269256053921566,408
2024-06-24,47.17630839608802,409
2024-06-25,47.894302411764706,408
2024-06-26,54.45514816707617,407
2024-06-27,55.95941138780488,410
2024-06-28,52.686202541463416,410
2024-06-29,56.04632556372549,408
2024-06-30,55.93030598034398,407
2024-07-01,53.2751906977887,407
2024-07-02,49.89037583618582,409
2024-07-03,50.33727364878049,410
2024-07-04,53.71048090441177,408
2024-07-05,52.49565132678133,407
2024-07-06,50.97770193103448,406
2024-07-07,52.3782793308642,405
2024-07-08,52.18476201724138,406
2024-07-09,52.78834003007519,399
2024-07-10,50.6578881414392,403
2024-07-11,48.41541828465347,404
2024-07-12,50.75821283663366,404
2024-07-13,51.851491417910445,402
2024-07-14,52.80825337530864,405
2024-07-15,54.205984669950745,406
2024-07-16,54.76374798522168,406
2024-07-17,55.23527078325124,406
2024-07-18,53.11720620689655,406
2024-07-19,50.76545191315137,403
2024-07-20,53.287232504950495,404
2024-07-21,56.007731261728395,405
2024-07-22,56.79245748410758,409
2024-07-23,54.89650048655257,409
2024-07-24,54.278544400978,409
2024-07-25,54.10555429828851,409
2024-07-26,53.11862793902439,410
2024-07-27,55.717704892682924,410
2024-07-28,55.78802449144255,409
2024-07-29,54.9763246902439,410
2024-07-30,53.90804072127139,409
2024-07-31,54.78071686797066,409
2024-08-01,51.87541367883211,411
2024-08-02,52.31594959806296,413
2024-08-03,52.35113186650485,412
2024-08-04,54.416628541262135,412
2024-08-05,53.72301934223301,412
2024-08-06,55.480381109489045,411
2024-08-07,56.44631205882353,408
2024-08-08,59.12739278588808,411
2024-08-09,58.815113931707316,410
2024-08-10,55.34498020681265,411
2024-08-11,54.86005997560976,410
2024-08-12,58.5521745,408
2024-08-13,59.27760288753056,409
2024-08-14,57.55416298284314,408
2024-08-15,55.660824185819074,409
2024-08-16,55.02625034558823,408
2024-08-17,59.89882292892156,408
2024-08-18,62.01114891666667,408
2024-08-19,57.718936669117646,408
2024-08-20,50.55033671007371,407
2024-08-21,50.262222897560974,410
2024-08-22,54.5986454403893,411
2024-08-23,56.98538916545012,411
2024-08-24,55.989787902439026,410
2024-08-25,55.71089214914426,409
2024-08-26,56.261325566909974,411
2024-08-27,53.24963097804878,410
2024-08-28,52.13149593932039,412
2024-08-29,53.14109195377129,411
2024-08-30,55.093463041162224,413
2024-08-31,54.51695497080292,411
2024-09-01,53.45454759512195,410
2024-09-02,49.56215079512195,410
2024-09-03,50.54049860731707,410
2024-09-04,52.79140349878345,411
2024-09-05,52.249228163414635,410
2024-09-06,52.13102949144254,409
2024-09-07,49.829382894348896,407
2024-09-08,44.84708545679012,405
2024-09-09,43.834309253071254,407
2024-09-10,46.75154809090909,407
2024-09-11,52.28909596059113,406
2024-09-12,56.111300785185186,405
2024-09-13,56.97696367321867,407
2024-09-14,55.58175063300493,406
2024-09-15,56.71811835960591,406
2024-09-16,59.445450997549024,408
2024-09-17,63.68516607090464,409
2024-09-18,62.33188028921568,408
2024-09-19,59.741203848780486,410
2024-09-20,57.793948739024394,410
2024-09-21,59.03675776097561,410
2024-09-22,61.46285424390244,410
2024-09-23,60.01045093414634,410
2024-09-24,59.22266249635037,411
2024-09-25,58.87477476399027,411
2024-09-26,56.40778144768856,411
2024-09-27,55.30283289242054,409
2024-09-28,53.46326557037037,405
2024-09-29,53.107030958024694,405
2024-09-30,52.58601519211823,406
2024-10-01,48.89714843349754,406
2024-10-02,47.0345370591133,406
2024-10-03,49.25075205665025,406
2024-10-04,50.929669140049135,407
2024-10-05,48.60049667407408,405
2024-10-06,48.22807721728395,405
2024-10-07,47.19939432029339,409
2024-10-08,46.30808053300733,409
2024-10-09,47.58803783578431,408
2024-10-10,47.289325658476656,407
2024-10-11,45.898152835380834,407
2024-10-12,48.66562811302211,407
2024-10-13,52.883248009828016,407
2024-10-14,53.06750860784314,408
2024-10-15,53.885358226044225,407
2024-10-16,55.79596965517242,406
2024-10-17,60.23752483497537,406
2024-10-18,55.86316389629629,405
2024-10-19,53.42505414320987,405
2024-10-20,52.862612071604936,405
2024-10-21,51.1311292345679,405
2024-10-22,53.41211797530865,405
2024-10-23,54.56492346666666,405
2024-10-24,53.559404905940596,404
2024-10-25,55.719792014814814,405
2024-10-26,50.797526972839506,405
2024-10-27,51.32551333910891,404
2024-10-28,57.12536056790123,405
2024-10-29,64.97032070967742,403
2024-10-30,66.59024390099009,404
2024-10-31,65.66187146782178,404
2024-11-01,63.39369904260652,399
2024-11-02,66.78647815075377,398
2024-11-03,67.66528740954774,398
2024-11-04,65.7110352361809,398
2024-11-05,66.61529363408522,399
2024-11-06,62.67289564160401,399
2024-11-07,60.40381582,400
2024-11-08,60.66337083291771,401
2024-11-09,58.3115283117207,401
2024-11-10,60.66918268250001,400
2024-11-11,63.35520080451128,399
2024-11-12,61.9777436641604,399
2024-11-13,58.557363025,400
2024-11-14,60.791773503759394,399
2024-11-15,63.89402365,400
2024-11-16,64.12430285964912,399
2024-11-17,62.85397762311558,398
2024-11-18,66.46013897236182,398
2024-11-19,61.14898367506298,397
2024-11-20,55.2628198560606,396
2024-11-21,56.53275166919192,396
2024-11-22,59.33500717884131,397
2024-11-23,64.48743180050505,396
2024-11-24,68.02687837150127,393
2024-11-25,69.22846872110553,398
2024-11-26,73.09077871177945,399
2024-11-27,71.13145896491228,399
2024-11-28,69.33069155639097,399
2024-11-29,61.71683280200501,399
2024-11-30,58.352579320802,399
2024-12-01,59.906543414999994,400
2024-12-02,62.340729177499995,400
2024-12-03,63.004609438596496,399
2024-12-04,64.13715599999999,400
2024-12-05,62.90195207537688,398
2024-12-06,57.78959488161209,397
2024-12-07,56.980231277777776,396
2024-12-08,62.15644064141414,396
2024-12-09,69.77777513131313,396
2024-12-10,65.52550971284634,397
2024-12-11,59.42566064483627,397
2024-12-12,56.32514874307305,397
2024-12-13,64.48171498992443,397
2024-12-14,65.11403879545455,396
2024-12-15,70.00782901012658,395
2024-12-16,70.39304981772152,395
2024-12-17,68.2986674534005,397
2024-12-18,65.75130880856423,397
2024-12-19,63.61852210632912,395
2024-12-20,65.75100190404041,396
2024-12-21,61.996974295165394,393
2024-12-22,62.50311609113923,395
2024-12-23,66.64208338227849,395
2024-12-24,74.4355137020202,396
2024-12-25,75.93189792405063,395
2024-12-26,75.77507258838384,396
2024-12-27,76.90349057468354,395
2024-12-28,79.95045728101266,395
2024-12-29,79.27165386868687,396
2024-12-30,71.31335400252526,396
2024-12-31,70.92471927594937,395
2025-01-01,66.82930725876011,371
2025-01-02,63.24718658333334,372
2025-01-03,63.87104377688172,372
2025-01-04,63.274054217741934,372
2025-01-05,63.07757300806451,372
2025-01-06,68.68984833870968,372
2025-01-07,61.85610283333333,372
2025-01-08,56.75527404864865,370
2025-01-09,58.53695030997305,371
2025-01-10,60.14041588471849,373
2025-01-11,62.95950372117962,373
2025-01-12,60.9184011689008,373
2025-01-13,58.17305090591398,372
2025-01-14,54.937503102150544,372
2025-01-15,55.33202388948787,371
2025-01-16,59.224638500000005,372
2025-01-17,62.59910794638069,373
2025-01-18,66.54947307774799,373
2025-01-19,64.92903478284182,373
2025-01-20,52.186871627345845,373
2025-01-21,45.89059411260054,373
2025-01-22,47.86337083827494,371
2025-01-23,49.935728975871314,373
2025-01-24,49.629503684491986,374
2025-01-25,57.821925131016044,374
2025-01-26,63.42898104545455,374
2025-01-27,60.15889268449198,374
2025-01-28,58.720217240641716,374
2025-01-29,61.67471651621622,370
2025-01-30,63.47713808355795,371
2025-01-31,69.60189092204301,372
2025-02-01,66.084625688,375
2025-02-02,64.60879810187667,373
2025-02-03,64.13204345212766,376
2025-02-04,63.2949747612732,377
2025-02-05,65.90744944444444,378
2025-02-06,72.70758710846562,378
2025-02-07,63.870931999999996,377
2025-02-08,66.38677954255319,376
2025-02-09,63.377687421750664,377
2025-02-10,61.140016469496025,377
2025-02-11,65.30109104533334,375
2025-02-12,71.51903144414894,376
2025-02-13,74.06085417333334,375
2025-02-14,66.63855773333333,375
2025-02-15,71.77314248395722,374
2025-02-16,69.8398310802139,374
2025-02-17,63.1691843458445,373
2025-02-18,61.97543485866667,375
2025-02-19,62.502705538666675,375
2025-02-20,63.81573433421751,377
2025-02-21,58.07761461904762,378
2025-02-22,55.377885682666665,375
2025-02-23,55.40228568533334,375
2025-02-24,55.96173913297873,376
2025-02-25,54.938851736000004,375
2025-02-26,54.800994201058195,378
2025-02-27,51.2864079469496,377
2025-02-28,45.93603606349206,378
2025-03-01,50.45992890957447,376
2025-03-02,51.644422957219255,374
2025-03-03,56.216537064,375
2025-03-04,62.75942049735449,378
2025-03-05,69.39245214550265,378
2025-03-06,66.7973937480315,381
2025-03-07,61.48234520472441,381
2025-03-08,58.068601076517155,379
2025-03-09,49.993060738786276,379
2025-03-10,45.755132760526315,380
2025-03-11,49.00895623157894,380
2025-03-12,55.74083865789474,380
2025-03-13,62.29890309210526,380
2025-03-14,65.1623475171504,379
2025-03-15,67.19716521485411,377
2025-03-16,60.71528037665783,377
2025-03-17,56.438860997347476,377
2025-03-18,54.32656134564643,379
2025-03-19,51.41716056613757,378
2025-03-20,53.003998733509235,379
2025-03-21,48.76738236243386,378
2025-03-22,52.1438395,370
2025-03-23,55.181476306451614,372
2025-03-24,56.43950286772487,378
2025-03-25,52.34685032804232,378
2025-03-26,52.21981893915344,378
2025-03-27,50.70095484432718,379
2025-03-28,56.03297258575198,379
2025-03-29,64.42244519312169,378
2025-03-30,68.769434448,375
2025-03-31,69.91257488594165,377
2025-04-01,64.035309048,375
2025-04-02,61.469154177718835,377
2025-04-03,67.69676455408971,379
2025-04-04,63.93877416622691,379
2025-04-05,59.70150266490765,379
2025-04-06,53.8420719762533,379
2025-04-07,54.539204823219,379
2025-04-08,48.51941629551452,379
2025-04-09,45.96035033068783,378
2025-04-10,49.903691401055404,379
2025-04-11,51.29381786243386,378
2025-04-12,51.020945238095244,378
2025-04-13,48.51476757671958,378
2025-04-14,46.207313452380944,378
2025-04-15,47.61690731299735,377
2025-04-16,47.00866433597884,378
2025-04-17,55.77253473015873,378
2025-04-18,58.096808976190474,378
2025-04-19,58.35330761904762,378
2025-04-20,53.116801735449734,378
2025-04-21,52.84140875661376,378
2025-04-22,52.40403103174604,378
2025-04-23,51.761043782493374,377
2025-04-24,58.15656175066313,377
2025-04-25,62.567082938829785,376
2025-04-26,64.32286677659575,376
2025-04-27,57.619576896000005,375
2025-04-28,56.058960611702126,376
2025-04-29,57.23954371276596,376
2025-04-30,59.81034693066667,375
2025-05-01,59.11809853926702,382
2025-05-02,59.00258381201044,383
2025-05-03,60.02644226631854,383
2025-05-04,63.61165598694517,383
2025-05-05,68.09360121354167,384
2025-05-06,68.52002580678851,383
2025-05-07,63.13787919060052,383
2025-05-08,58.26281030208333,384
2025-05-09,53.12671886979167,384
2025-05-10,45.127217789062506,384
2025-05-11,43.71882397135417,384
2025-05-12,50.66037733854167,384
2025-05-13,60.21021670496083,383
2025-05-14,62.62584907552084,384
2025-05-15,60.13234955584416,385
2025-05-16,57.755696913838115,383
2025-05-17,58.44037968766405,381
2025-05-18,60.610791468586385,382
2025-05-19,58.121607026178005,382
2025-05-20,54.232980316622694,379
2025-05-21,54.44533065445027,382
2025-05-22,54.741481308093995,383
2025-05-23,53.94233380729167,384
2025-05-24,55.910042640625,384
2025-05-25,57.9072081171875,384
2025-05-26,57.24224094010416,384
2025-05-27,57.496144937336815,383
2025-05-28,61.53195811458334,384
2025-05-29,61.399175575520836,384
2025-05-30,55.808879348958335,384
2025-05-31,52.34582010677084,384
2025-06-01,49.51549412328767,365
2025-06-02,53.32040773424657,365
2025-06-03,56.276790153005464,366
2025-06-04,58.50093605177111,367
2025-06-05,61.64805726575343,365
2025-06-06,61.12439491780822,365
2025-06-07,57.941678493112946,363
2025-06-08,58.02539083149172,362
2025-06-09,56.00938637292818,362
2025-06-10,54.62183108888889,360
2025-06-11,53.1187699,360
2025-06-12,53.80987129329609,358
2025-06-13,54.26492900554017,361
2025-06-14,55.44551583844011,359
2025-06-15,52.483505435754196,358
2025-06-16,52.41062462849162,358
2025-06-17,54.402444272980496,359
2025-06-18,55.02224626815643,358
2025-06-19,51.999771,358
2025-06-20,48.17888048459384,357
2025-06-21,50.44553577437326,359
2025-06-22,54.0268648575419,358
2025-06-23,53.42336291876751,357
2025-06-24,53.83019605849582,359
2025-06-25,54.787294933333335,360
2025-06-26,53.39979024233983,359
2025-06-27,52.67424680392156,357
2025-06-28,53.06996954061624,357
2025-06-29,51.83558779661017,354
2025-06-30,52.56110731197772,359
2025-07-01,55.7367979879518,249
2025-07-02,56.742731341365456,249
2025-07-03,57.73237795983936,249
2025-07-04,55.93733265060241,249
2025-07-05,53.285600008,250
2025-07-06,53.898455296,250
2025-07-07,56.53015561693548,248
2025-07-08,54.196931610441766,249
2025-07-09,54.0406981686747,249
2025-07-10,54.131668181451616,248
2025-07-11,56.811780882591094,247
2025-07-12,59.99935374693878,245
2025-07-13,58.71503650406504,246
2025-07-14,57.59153393927126,247
2025-07-15,57.78512931325301,249
2025-07-16,60.132309666666664,249
2025-07-17,59.5713261,250
2025-07-18,57.917875187251,251
2025-07-19,60.2902974,250
2025-07-20,59.296234836000004,250
2025-07-21,57.77095344223108,251
2025-07-22,57.76457120318725,251
2025-07-23,56.898249064000005,250
2025-07-24,54.89362276494024,251
2025-07-25,56.02569116465863,249
2025-07-26,55.23580659437751,249
2025-07-27,56.804332558232936,249
2025-07-28,55.38894774698795,249
2025-07-29,54.0229391659919,247
2025-07-30,53.60041912955465,247
2025-07-31,56.5552301352459,244
2025-08-01,56.660533696629216,178
2025-08-02,53.75515468539326,178
2025-08-03,52.1751647740113,177
2025-08-04,51.298119254237285,177
2025-08-05,52.42659992134831,178
2025-08-06,50.562146214689264,177
2025-08-07,48.62890684831461,178
2025-08-08,48.72080656179775,178
2025-08-09,51.39243267231638,177
2025-08-10,53.981550994350286,177
2025-08-11,55.065677954802254,177
2025-08-12,56.29520084180791,177
2025-08-13,57.547301937853106,177
2025-08-14,57.598437378531074,177
2025-08-15,56.78668446590909,176
2025-08-16,59.45785339772727,176
2025-08-17,58.54306346022727,176
2025-08-18,55.01256280113637,176
2025-08-19,54.001983573033705,178
2025-08-20,55.18916338764045,178
2025-08-21,54.05308745505618,178
2025-08-22,53.13777331460674,178
2025-08-23,56.288014977528086,178
2025-08-24,58.94191562921348,178
2025-08-25,61.82358952247191,178
2025-08-26,63.97346976836158,177
2025-08-27,63.32880547457627,177
2025-08-28,59.97183332768362,177
2025-08-29,59.048981728813565,177
2025-08-30,55.684082261363635,176
2025-08-31,54.585182022727274,176
2025-09-01,52.09858895,140
2025-09-02,53.924913342857145,140
2025-09-03,53.12357107857143,140
2025-09-04,56.100528302158274,139
2025-09-05,58.20874805035971,139
2025-09-06,58.32370525362319,138
2025-09-07,54.523580913043475,138
2025-09-08,47.813143340579714,138
2025-09-09,51.702287536231886,138
2025-09-10,56.13392665942029,138
2025-09-11,55.9957931884058,138
2025-09-12,57.55343780434782,138
2025-09-13,59.92681549275362,138
2025-09-14,58.639673898550726,138
2025-09-15,53.99320286956522,138
2025-09-16,52.52275210869565,138
2025-09-17,57.89175919424461,139
2025-09-18,63.869343640287774,139
2025-09-19,61.413800048484845,165
2025-09-20,61.66450712195122,164
2025-09-21,64.75754571341463,164
2025-09-22,64.85461114545456,165
2025-09-23,63.86135202424243,165
2025-09-24,64.0201553030303,165
2025-09-25,62.641848612121215,165
2025-09-26,60.99981533333334,165
2025-09-27,63.45628789696969,165
2025-09-28,64.34391414545455,165
2025-09-29,63.66025802424243,165
2025-09-30,62.42268212727272,165
2025-10-01,57.15766042857143,28
2025-10-02,52.72991078571429,28
2025-10-03,56.552529750000005,28
2025-10-04,66.26815478571429,28
2025-10-05,62.77961310714285,28
2025-10-06,67.43691071428572,28
2025-10-07,65.08070988888889,27
2025-10-08,60.149208370370374,27
2025-10-09,51.858495035714284,28
2025-10-10,68.54330364285714,28
2025-10-11,69.8308035,28
2025-10-12,67.83854164285715,28
2025-10-13,67.08685953571428,28
2025-10-14,67.62248960714285,28
2025-10-15,75.28660717857143,28
2025-10-16,71.26607320689655,29
2025-10-17,67.01997131034483,29
2025-10-18,64.23635055172414,29
2025-10-19,61.81106317241379,29
2025-10-20,59.00384189655172,29
2025-10-21,59.67109789655173,29
2025-10-22,61.75683134482758,29
2025-10-23,65.05416662068966,29
2025-10-24,65.59295972413794,29
2025-10-25,60.908189655172414,29
2025-10-26,62.65531606896552,29
2025-10-27,63.622844827586206,29
2025-10-28,63.61968393103448,29
2025-10-29,65.19583331034482,29
2025-10-30,70.08452017241379,29
2025-10-31,64.98299810344828,29
