date,no2,no2_n_stations
2022-09-25,6.223313852459016,427
2022-09-26,8.019504489510489,429
2022-09-27,8.4789151778291,433
2022-09-28,7.630214092378752,433
2022-09-29,7.437301118055556,432
2022-09-30,7.660195110091744,436
2022-10-01,6.179587076744187,430
2022-10-02,5.111612167832168,429
2022-10-03,8.031749918793503,431
2022-10-04,9.224649027842228,431
2022-10-05,10.067064053240742,432
2022-10-06,10.42339846728972,428
2022-10-07,9.42026475116279,430
2022-10-08,7.008356617169373,431
2022-10-09,7.15778384883721,430
2022-10-10,9.639701431554524,431
2022-10-11,9.190943305555557,432
2022-10-12,8.510502163170163,429
2022-10-13,8.271049503496503,429
2022-10-14,9.172067707943926,428
2022-10-15,6.981514206161138,422
2022-10-16,6.161538575829384,422
2022-10-17,7.943187571095572,429
2022-10-18,8.752213229166667,432
2022-10-19,10.649238395348839,430
2022-10-20,12.003229330210772,427
2022-10-21,10.873688086247087,429
2022-10-22,6.881059614117647,425
2022-10-23,5.293472818181818,418
2022-10-24,7.851842794326242,423
2022-10-25,9.398569820093458,428
2022-10-26,9.649265850117095,427
2022-10-27,9.132842763466043,427
2022-10-28,10.467218988290398,427
2022-10-29,10.218549533018868,424
2022-10-30,10.160265903073286,423
2022-10-31,12.559750845070422,426
2022-11-01,10.030093728337235,427
2022-11-02,9.110389387850468,428
2022-11-03,8.616647449648712,427
2022-11-04,9.043067399061034,426
2022-11-05,6.944800700234192,427
2022-11-06,6.097566697183098,426
2022-11-07,6.907568766899767,429
2022-11-08,6.899647455813954,430
2022-11-09,8.436018088785046,428
2022-11-10,9.366782786542924,431
2022-11-11,9.092970273364486,428
2022-11-12,7.737501588652483,423
2022-11-13,6.593404512941177,425
2022-11-14,9.858187371495326,428
2022-11-15,10.693340504651163,430
2022-11-16,9.754798104651163,430
2022-11-17,11.468409060324825,431
2022-11-18,10.752945590277777,432
2022-11-19,9.0573476937355,431
2022-11-20,9.703568958139536,430
2022-11-21,14.270784353488372,430
2022-11-22,16.76526821527778,432
2022-11-23,16.27340431712963,432
2022-11-24,10.919658487179488,429
2022-11-25,10.191998154205608,428
2022-11-26,10.45472981775701,428
2022-11-27,9.6830761682243,428
2022-11-28,9.70059254524362,431
2022-11-29,9.474146018561484,431
2022-11-30,9.6441263549884,431
2022-12-01,9.072246385514019,428
2022-12-02,9.96951995116279,430
2022-12-03,8.570627072769954,426
2022-12-04,8.694303450236967,422
2022-12-05,10.881794719626168,428
2022-12-06,11.076659477751758,427
2022-12-07,10.559997864801865,429
2022-12-08,10.03485779350348,431
2022-12-09,10.171186812933025,433
2022-12-10,8.25806534883721,430
2022-12-11,6.554163164319249,426
2022-12-12,8.07439158041958,429
2022-12-13,9.197017028037383,428
2022-12-14,10.27917270657277,426
2022-12-15,11.133384262295081,427
2022-12-16,10.358599855140188,428
2022-12-17,10.13215948711944,427
2022-12-18,9.895900065573771,427
2022-12-19,11.786345418224299,428
2022-12-20,12.366995719626168,428
2022-12-21,13.716584123543123,429
2022-12-22,11.610678971830987,426
2022-12-23,8.81768776555024,418
2022-12-24,9.025490326086956,414
2022-12-25,9.311791079326923,416
2022-12-26,12.090051173076924,416
2022-12-27,12.044394332541566,421
2022-12-28,11.629997636792453,424
2022-12-29,11.4699054608076,421
2022-12-30,11.32665429928741,421
2022-12-31,8.821433204761904,420
2023-01-01,6.723099286746988,415
2023-01-02,8.313829479318736,411
2023-01-03,9.483647477218225,417
2023-01-04,10.120273722222223,414
2023-01-05,10.123849503631961,413
2023-01-06,11.410077893719807,414
2023-01-07,9.704568603406326,411
2023-01-08,9.11325197815534,412
2023-01-09,10.696120836538462,416
2023-01-10,10.791666400954654,419
2023-01-11,11.04288695215311,418
2023-01-12,10.743642751196171,418
2023-01-13,10.120173109263657,421
2023-01-14,8.42255791826923,416
2023-01-15,6.546705243961353,414
2023-01-16,8.668595871980676,414
2023-01-17,11.339206701923077,416
2023-01-18,9.838187925837321,418
2023-01-19,10.696577908653847,416
2023-01-20,9.132030580722892,415
2023-01-21,8.838623510948905,411
2023-01-22,8.526587932692307,416
2023-01-23,8.581821906698565,418
2023-01-24,11.05512962529833,419
2023-01-25,10.862917928229665,418
2023-01-26,9.430383490521328,422
2023-01-27,11.815676021126762,426
2023-01-28,9.587979367924529,424
2023-01-29,7.151798021479714,419
2023-01-30,9.396127288732394,426
2023-01-31,10.446786678403756,426
2023-02-01,12.080284263403264,429
2023-02-02,13.509371855477855,429
2023-02-03,11.001954302325583,430
2023-02-04,10.33412110046729,428
2023-02-05,9.447514558962265,424
2023-02-06,9.93721682201405,427
2023-02-07,10.761820745920746,429
2023-02-08,12.479332918604651,430
2023-02-09,11.476634960739029,433
2023-02-10,9.474981853828305,431
2023-02-11,9.119516195804197,429
2023-02-12,10.585456859813085,428
2023-02-13,10.769048226107225,429
2023-02-14,8.789151577102803,428
2023-02-15,8.318106284382285,429
2023-02-16,10.819384965197216,431
2023-02-17,9.676753112643677,435
2023-02-18,9.973019789351852,432
2023-02-19,9.297882009280743,431
2023-02-20,10.916494928074245,431
2023-02-21,8.586900434579439,428
2023-02-22,6.562199430260048,423
2023-02-23,6.939107572429906,428
2023-02-24,6.736755840375587,426
2023-02-25,7.595368552693209,427
2023-02-26,7.481827009411765,425
2023-02-27,8.019110509345795,428
2023-02-28,7.843282317016317,429
2023-03-01,8.22778261627907,430
2023-03-02,8.359037176334107,431
2023-03-03,8.696856004651163,430
2023-03-04,7.422236792540793,429
2023-03-05,6.936738628504673,428
2023-03-06,8.007806518604651,430
2023-03-07,7.210833070754718,424
2023-03-08,7.646176466042155,427
2023-03-09,8.305295107226108,429
2023-03-10,7.613721262295082,427
2023-03-11,5.035805035377359,424
2023-03-12,5.107432529550827,423
2023-03-13,6.870449913145539,426
2023-03-14,6.344382134117647,425
2023-03-15,7.266918077464789,426
2023-03-16,8.448783190588236,425
2023-03-17,8.108730070422535,426
2023-03-18,6.090909082742317,423
2023-03-19,5.149387848341232,422
2023-03-20,7.897927284382285,429
2023-03-21,8.394718456674473,427
2023-03-22,7.512019477751757,427
2023-03-23,7.203172788732395,426
2023-03-24,6.419237850815851,429
2023-03-25,5.877338097902098,429
2023-03-26,6.140763228235294,425
2023-03-27,8.373318981395348,430
2023-03-28,8.502031362586605,433
2023-03-29,8.086567124711316,433
2023-03-30,7.339056324825986,431
2023-03-31,7.875101421296296,432
2023-04-01,6.245512623255814,430
2023-04-02,4.93633471495327,428
2023-04-03,6.412884956018519,432
2023-04-04,6.1334652529002325,431
2023-04-05,6.80509119630485,433
2023-04-06,7.830281509216589,434
2023-04-07,6.993720132867133,429
2023-04-08,6.041517552447552,429
2023-04-09,6.692491079439253,428
2023-04-10,9.233911758700696,431
2023-04-11,8.670321240184757,433
2023-04-12,7.649996419354839,434
2023-04-13,7.930851351851851,432
2023-04-14,8.082894102088167,431
2023-04-15,6.027158540603248,431
2023-04-16,5.043013397674419,430
2023-04-17,6.070000456018518,432
2023-04-18,6.2474897558139535,430
2023-04-19,6.816790339578454,427
2023-04-20,7.6910633488372095,430
2023-04-21,7.869009305555556,432
2023-04-22,5.385016889929743,427
2023-04-23,4.383002826603325,421
2023-04-24,6.253629487238979,431
2023-04-25,6.893136174712644,435
2023-04-26,7.774168181609196,435
2023-04-27,7.880652300230947,433
2023-04-28,7.115132180555555,432
2023-04-29,5.824419925058549,427
2023-04-30,4.521308146572104,423
2023-05-01,5.19741811627907,430
2023-05-02,5.723319654292343,431
2023-05-03,6.550093358796296,432
2023-05-04,6.562268848484848,429
2023-05-05,6.18410427039627,429
2023-05-06,5.090001420187793,426
2023-05-07,4.55243037735849,424
2023-05-08,5.757468673659673,429
2023-05-09,6.310781469907408,432
2023-05-10,6.917934445221445,429
2023-05-11,7.236366981220657,426
2023-05-12,7.404630914893617,423
2023-05-13,5.4316809689737475,419
2023-05-14,3.993357788095238,420
2023-05-15,6.363401444444444,423
2023-05-16,7.079936273584906,424
2023-05-17,6.152609110849057,424
2023-05-18,6.7194630372093025,430
2023-05-19,6.17434813255814,430
2023-05-20,4.897256883449883,429
2023-05-21,4.8319589207459215,429
2023-05-22,6.885278652777777,432
2023-05-23,7.041896085253456,434
2023-05-24,6.7864916050808315,433
2023-05-25,5.4854304,435
2023-05-26,6.27518119630485,433
2023-05-27,5.332192933179724,434
2023-05-28,4.736133116009281,431
2023-05-29,4.503146271028037,428
2023-05-30,6.1602338232558145,430
2023-05-31,6.563939278422273,431
2023-06-01,7.042100778290993,433
2023-06-02,7.404094868663594,434
2023-06-03,5.299087300925926,432
2023-06-04,4.198697171693736,431
2023-06-05,6.452140705069124,434
2023-06-06,6.9783906201373,437
2023-06-07,7.039956752293578,436
2023-06-08,6.856885392201835,436
2023-06-09,6.782687306451613,434
2023-06-10,5.550094635103926,433
2023-06-11,4.073801295081967,427
2023-06-12,4.93826475462963,432
2023-06-13,5.839751678160919,435
2023-06-14,6.004809164383562,438
2023-06-15,6.0187103940774485,439
2023-06-16,6.118309764976958,434
2023-06-17,4.972767262672811,434
2023-06-18,4.143999930555555,432
2023-06-19,4.943441935483872,434
2023-06-20,5.187853949656751,437
2023-06-21,5.531840322654462,437
2023-06-22,5.450764739631337,434
2023-06-23,5.66515304347826,437
2023-06-24,5.092765664351852,432
2023-06-25,4.226235894613583,427
2023-06-26,5.426863699074074,432
2023-06-27,5.702602158986175,434
2023-06-28,5.855188840277777,432
2023-06-29,6.323248427251732,433
2023-06-30,7.243344628504673,428
2023-07-01,5.545716508235294,425
2023-07-02,4.643904772833723,427
2023-07-03,5.463393960465116,430
2023-07-04,4.772655482352941,425
2023-07-05,5.906904077102804,428
2023-07-06,6.05629772027972,429
2023-07-07,5.4712805397196265,428
2023-07-08,4.5352929834905655,424
2023-07-09,3.874720147342995,414
2023-07-10,5.592503106888361,421
2023-07-11,6.339285779620853,422
2023-07-12,6.454529267772512,422
2023-07-13,6.066957849056604,424
2023-07-14,6.434973895981088,423
2023-07-15,5.376535014492753,414
2023-07-16,4.73344281686747,415
2023-07-17,6.343786885167464,418
2023-07-18,6.364390119331742,419
2023-07-19,6.447620774881517,422
2023-07-20,6.3252677129411765,425
2023-07-21,6.126825938679246,424
2023-07-22,5.37941206855792,423
2023-07-23,5.157821476190476,420
2023-07-24,6.793618241706161,422
2023-07-25,7.2243458199052135,422
2023-07-26,6.744241066350711,422
2023-07-27,6.254855541860466,430
2023-07-28,6.337318280742459,431
2023-07-29,4.884370759345795,428
2023-07-30,4.358174162352941,425
2023-07-31,6.2452327006960555,431
2023-08-01,6.224381233100233,429
2023-08-02,6.381524429906542,428
2023-08-03,6.229320046948357,426
2023-08-04,6.01325318501171,427
2023-08-05,5.136053133802816,426
2023-08-06,4.367134257683215,423
2023-08-07,5.448766114754098,427
2023-08-08,5.320088542253521,426
2023-08-09,5.616666807058824,425
2023-08-10,5.76176762529274,427
2023-08-11,5.411152204225352,426
2023-08-12,4.64525740521327,422
2023-08-13,4.039923693396227,424
2023-08-14,5.92499328372093,430
2023-08-15,6.070912309302325,430
2023-08-16,6.6615939584295605,433
2023-08-17,6.687892424528302,424
2023-08-18,6.008577408018868,424
2023-08-19,5.082114845238094,420
2023-08-20,4.782499125301205,415
2023-08-21,5.437467572446556,421
2023-08-22,5.747487572104019,423
2023-08-23,6.695511976190476,420
2023-08-24,6.814569261176471,425
2023-08-25,6.7017470657277,426
2023-08-26,5.528072457345971,422
2023-08-27,5.02962640430622,418
2023-08-28,6.933339142857142,427
2023-08-29,7.571714909090909,429
2023-08-30,7.0643748046511625,430
2023-08-31,6.800111765661253,431
2023-09-01,6.173802414117647,425
2023-09-02,5.277352599526067,422
2023-09-03,4.3256573071428575,420
2023-09-04,4.602503431980907,419
2023-09-05,6.4767436014150945,424
2023-09-06,6.81993870657277,426
2023-09-07,7.521978447058824,425
2023-09-08,7.709917430588235,425
2023-09-09,6.277965992890995,422
2023-09-10,5.470134129496403,417
2023-09-11,7.584325124705883,425
2023-09-12,6.846624791569086,427
2023-09-13,6.636818487119438,427
2023-09-14,6.76141112412178,427
2023-09-15,7.0349498286384975,426
2023-09-16,6.468966602836879,423
2023-09-17,5.47819056635071,422
2023-09-18,7.13281737236534,427
2023-09-19,7.2373666666666665,426
2023-09-20,7.363317644705882,425
2023-09-21,7.282738868852459,427
2023-09-22,7.1591359859484776,427
2023-09-23,5.360882492924528,424
2023-09-24,4.974739400954654,419
2023-09-25,7.130484751773049,423
2023-09-26,7.834063401425178,421
2023-09-27,7.875981197183099,426
2023-09-28,7.480593274881517,422
2023-09-29,6.956276030805687,422
2023-09-30,5.037861373205742,418
2023-10-01,5.219441657766991,412
2023-10-02,7.807782658711218,419
2023-10-03,9.066606412887827,419
2023-10-04,8.909750454761905,420
2023-10-05,9.088924916267942,418
2023-10-06,8.555385293975903,415
2023-10-07,6.607500466346154,416
2023-10-08,6.2641018289156625,415
2023-10-09,8.213826896385543,415
2023-10-10,8.580087085918855,419
2023-10-11,8.036866840095465,419
2023-10-12,8.235202711217184,419
2023-10-13,7.738436496420047,419
2023-10-14,6.8933654795180725,415
2023-10-15,5.836768173170732,410
2023-10-16,8.45753846793349,421
2023-10-17,10.019204722748814,422
2023-10-18,10.21784642352941,425
2023-10-19,10.98303984,425
2023-10-20,10.624316931603774,424
2023-10-21,7.744352095238095,420
2023-10-22,5.285058645083933,417
2023-10-23,7.416594327790974,421
2023-10-24,8.993082177033493,418
2023-10-25,8.223606507109004,422
2023-10-26,8.831301643705464,421
2023-10-27,9.222973830188678,424
2023-10-28,6.410501966666666,420
2023-10-29,5.243391626506024,415
2023-10-30,8.337861007177032,418
2023-10-31,10.014946116945108,419
2023-11-01,11.553073375296911,421
2023-11-02,13.225562330969266,423
2023-11-03,13.217565636150235,426
2023-11-04,12.296769624113477,423
2023-11-05,9.995369796208532,422
2023-11-06,9.581311206161137,422
2023-11-07,8.198977313679245,424
2023-11-08,8.014449604761905,420
2023-11-09,9.961200125890736,421
2023-11-10,10.876476102380952,420
2023-11-11,9.671817283333333,420
2023-11-12,9.468898577565632,419
2023-11-13,12.586351133802816,426
2023-11-14,12.680461781690141,426
2023-11-15,13.002035929411765,425
2023-11-16,11.826818276995306,426
2023-11-17,10.041139308235294,425
2023-11-18,7.907259120853081,422
2023-11-19,7.367662787735848,424
2023-11-20,8.17694923640662,423
2023-11-21,9.411837123831775,428
2023-11-22,10.770401781902553,431
2023-11-23,8.28056043255814,430
2023-11-24,6.84713618224299,428
2023-11-25,8.319180591121496,428
2023-11-26,8.631950440758294,422
2023-11-27,9.694383352668215,431
2023-11-28,11.568935776223777,429
2023-11-29,12.546153046620045,429
2023-11-30,12.009427791569086,427
2023-12-01,11.66691018309859,426
2023-12-02,9.233706955082742,423
2023-12-03,8.050997345238095,420
2023-12-04,11.480115742924529,424
2023-12-05,12.894339865248227,423
2023-12-06,11.153029678403756,426
2023-12-07,10.82786873943662,426
2023-12-08,10.563280922352941,425
2023-12-09,9.012114330935251,417
2023-12-10,8.543975028503564,421
2023-12-11,11.706748490610329,426
2023-12-12,12.759615103044498,427
2023-12-13,12.194043803278689,427
2023-12-14,13.616445627314816,432
2023-12-15,14.422821479166666,432
2023-12-16,12.371009272727273,429
2023-12-17,10.803889857476635,428
2023-12-18,10.552460128205128,429
2023-12-19,10.208025318706698,433
2023-12-20,10.610379292343389,431
2023-12-21,11.29690559164733,431
2023-12-22,11.571319537037038,432
2023-12-23,9.629474198135199,429
2023-12-24,8.587342454976303,422
2023-12-25,7.288011770685579,423
2023-12-26,10.08839964102564,429
2023-12-27,10.87609613317757,428
2023-12-28,10.391780800464037,431
2023-12-29,10.30552154734411,433
2023-12-30,9.021551863109048,431
2023-12-31,8.619280511574074,432
2024-01-01,8.045446357967668,433
2024-01-02,10.051907114416476,437
2024-01-03,10.724797857798166,436
2024-01-04,9.349369598623852,436
2024-01-05,10.79591300921659,434
2024-01-06,9.372969699300699,429
2024-01-07,6.287997279720279,429
2024-01-08,8.985584808857809,429
2024-01-09,9.540334833718244,433
2024-01-10,8.397431164351852,432
2024-01-11,9.577984767281107,434
2024-01-12,10.07757806235566,433
2024-01-13,7.48860124537037,432
2024-01-14,6.79737150812065,431
2024-01-15,9.154612997685184,432
2024-01-16,10.436190424942263,433
2024-01-17,11.326766775981524,433
2024-01-18,13.685537155963303,436
2024-01-19,11.921209565517241,435
2024-01-20,8.436720297235022,434
2024-01-21,7.61916288248848,434
2024-01-22,11.537848255760368,434
2024-01-23,12.955629744239632,434
2024-01-24,12.049782181609196,435
2024-01-25,11.158608009389672,426
2024-01-26,9.685481034642033,433
2024-01-27,8.533403482517482,429
2024-01-28,7.814182762790697,430
2024-01-29,10.16134988425926,432
2024-01-30,11.47314698173516,438
2024-01-31,11.317185889908256,436
2024-02-01,10.572650078886312,431
2024-02-02,8.43660375638051,431
2024-02-03,6.87110381030445,427
2024-02-04,6.673965514084507,426
2024-02-05,8.453340344186048,430
2024-02-06,10.27495480778032,437
2024-02-07,10.571293574712644,435
2024-02-08,10.382510898850574,435
2024-02-09,9.722518467592593,432
2024-02-10,8.22016515116279,430
2024-02-11,6.789320738317757,428
2024-02-12,10.040074125290023,431
2024-02-13,10.477036178899082,436
2024-02-14,9.362565066513762,436
2024-02-15,9.762659556581985,433
2024-02-16,8.649560364055299,434
2024-02-17,6.238639721962617,428
2024-02-18,7.11653582175926,432
2024-02-19,10.09204929953917,434
2024-02-20,11.329915096551725,435
2024-02-21,10.076254838337183,433
2024-02-22,10.494669740139212,431
2024-02-23,10.182452349425288,435
2024-02-24,8.298721642857142,434
2024-02-25,7.8382747581395344,430
2024-02-26,9.834847097222223,432
2024-02-27,7.836576386574074,432
2024-02-28,7.123324291954023,435
2024-02-29,6.968976773455378,437
2024-03-01,7.95673166745283,424
2024-03-02,6.337606895981088,423
2024-03-03,5.073334126190477,420
2024-03-04,7.0784307139479905,423
2024-03-05,7.731216244655582,421
2024-03-06,7.834186364066193,423
2024-03-07,6.604563960093897,426
2024-03-08,7.06384254245283,424
2024-03-09,5.940716914691944,422
2024-03-10,5.584634425531915,423
2024-03-11,7.563292103529411,425
2024-03-12,8.520630047619047,420
2024-03-13,9.289090603325416,421
2024-03-14,8.126828637231505,419
2024-03-15,6.558432175355451,422
2024-03-16,5.987847524940618,421
2024-03-17,4.675299639618138,419
2024-03-18,6.284926042755345,421
2024-03-19,7.477862002364066,423
2024-03-20,8.217029513064134,421
2024-03-21,7.248065089201878,426
2024-03-22,7.664305592941177,425
2024-03-23,4.966356852731592,421
2024-03-24,4.196636076555024,418
2024-03-25,6.262199420803783,423
2024-03-26,6.239030867924528,424
2024-03-27,7.864100241050119,419
2024-03-28,8.212692345323742,417
2024-03-29,6.5522738939759035,415
2024-03-30,5.582350012106537,413
2024-03-31,4.801878558024692,405
2024-04-01,7.291587624096385,415
2024-04-02,7.097659167064439,419
2024-04-03,6.587238654676258,417
2024-04-04,6.380988958937198,414
2024-04-05,5.6784032843373495,415
2024-04-06,4.598716753026634,413
2024-04-07,5.526906718826406,409
2024-04-08,8.464626064903847,416
2024-04-09,8.302733536057692,416
2024-04-10,8.106179259615384,416
2024-04-11,7.510196835322195,419
2024-04-12,6.179322339712918,418
2024-04-13,4.693890716707021,413
2024-04-14,4.984355153658536,410
2024-04-15,6.6543086634615385,416
2024-04-16,6.915500610047847,418
2024-04-17,7.172081866983373,421
2024-04-18,6.505827061611375,422
2024-04-19,5.89792460952381,420
2024-04-20,4.751734551558753,417
2024-04-21,4.923539266187051,417
2024-04-22,6.973858997613366,419
2024-04-23,6.801106878571428,420
2024-04-24,5.876035312348669,413
2024-04-25,5.462473043062201,418
2024-04-26,5.427489925659473,417
2024-04-27,4.11208812039312,407
2024-04-28,4.720809188118812,404
2024-04-29,6.719989587951807,415
2024-04-30,6.49676198561151,417
2024-05-01,6.151342159806296,413
2024-05-02,6.598998496350364,411
2024-05-03,5.8925929662650605,415
2024-05-04,4.3914605364077675,412
2024-05-05,3.61234285012285,407
2024-05-06,5.732338659313725,408
2024-05-07,5.881926833333334,408
2024-05-08,5.62412249879518,415
2024-05-09,5.621113261390887,417
2024-05-10,5.649781519230769,416
2024-05-11,5.1028600504807695,416
2024-05-12,4.690956684337349,415
2024-05-13,6.479015119617225,418
2024-05-14,6.406987789976134,419
2024-05-15,6.1986959856801915,419
2024-05-16,5.95827960576923,416
2024-05-17,6.405614620437956,411
2024-05-18,5.290724345588235,408
2024-05-19,4.180726152334152,407
2024-05-20,5.820575031784841,409
2024-05-21,5.927310234146342,410
2024-05-22,5.904272226829268,410
2024-05-23,5.860398892944039,411
2024-05-24,5.978608497572815,412
2024-05-25,4.2469822092457425,411
2024-05-26,3.8730022720588235,408
2024-05-27,4.189318597051597,407
2024-05-28,5.6687511564792175,409
2024-05-29,5.793095549397591,415
2024-05-30,5.99547640625,416
2024-05-31,6.588613749397591,415
2024-06-01,5.341636976019185,417
2024-06-02,4.359216270731707,410
2024-06-03,6.085525898305085,413
2024-06-04,5.766812026763991,411
2024-06-05,6.166226835714285,420
2024-06-06,6.463810481042654,422
2024-06-07,6.054914308056873,422
2024-06-08,4.822235733173077,416
2024-06-09,3.766633530120482,415
2024-06-10,5.224433380382775,418
2024-06-11,6.437431107142857,420
2024-06-12,6.77509228708134,418
2024-06-13,6.890490580722891,415
2024-06-14,6.490487925301205,415
2024-06-15,5.175473669082126,414
2024-06-16,4.074132686131387,411
2024-06-17,5.013368968446602,412
2024-06-18,4.981990251815981,413
2024-06-19,5.660526486552568,409
2024-06-20,6.057782329297821,413
2024-06-21,6.367900252403846,416
2024-06-22,5.598413549878345,411
2024-06-23,4.387765409756097,410
2024-06-24,5.3611809879227055,414
2024-06-25,5.962844905797102,414
2024-06-26,5.955820159036145,415
2024-06-27,5.028414213429257,417
2024-06-28,5.343787698564594,418
2024-06-29,4.373848740291263,412
2024-06-30,3.941926943627451,408
2024-07-01,4.840747004796163,417
2024-07-02,5.6842322619047625,420
2024-07-03,6.0487174547619045,420
2024-07-04,4.932713891566265,415
2024-07-05,5.494872707838479,421
2024-07-06,4.937264211401425,421
2024-07-07,4.607175260143198,419
2024-07-08,6.291539495215311,418
2024-07-09,6.913346863414634,410
2024-07-10,6.409124678743962,414
2024-07-11,6.744691889156626,415
2024-07-12,7.335103434782608,414
2024-07-13,5.6351866195121945,410
2024-07-14,4.66521862990196,408
2024-07-15,5.714293033734941,415
2024-07-16,5.847138388888889,414
2024-07-17,5.837874555288462,416
2024-07-18,5.849869582938389,422
2024-07-19,6.3343251678487,423
2024-07-20,5.639589119331743,419
2024-07-21,4.601308600484261,413
2024-07-22,6.392610647482014,417
2024-07-23,6.717345927536232,414
2024-07-24,6.290359167865708,417
2024-07-25,6.0660853741007195,417
2024-07-26,6.015898569711538,416
2024-07-27,5.231761251207729,414
2024-07-28,4.674428012195122,410
2024-07-29,5.868928448441247,417
2024-07-30,5.857371628915662,415
2024-07-31,6.254271199040767,417
2024-08-01,7.133998717703349,418
2024-08-02,6.933868250596659,419
2024-08-03,5.452194804819277,415
2024-08-04,4.953870028846154,416
2024-08-05,6.621599098557692,416
2024-08-06,6.150995811594203,414
2024-08-07,5.503230901204819,415
2024-08-08,5.703276492822967,418
2024-08-09,5.168587468899521,418
2024-08-10,4.684651359903381,414
2024-08-11,4.461900866828087,413
2024-08-12,6.07832773444976,418
2024-08-13,6.212289770883055,419
2024-08-14,6.487190880952381,420
2024-08-15,6.788407145584726,419
2024-08-16,6.573461763157895,418
2024-08-17,4.490003330935251,417
2024-08-18,3.9604538389423074,416
2024-08-19,5.911114908872902,417
2024-08-20,5.962448745238095,420
2024-08-21,6.264892572792363,419
2024-08-22,6.582520642685851,417
2024-08-23,6.582901940476191,420
2024-08-24,5.675958928229665,418
2024-08-25,5.156982370813397,418
2024-08-26,7.568357421428572,420
2024-08-27,7.812364287410927,421
2024-08-28,6.8956341071428575,420
2024-08-29,6.498921807142858,420
2024-08-30,6.641468727272728,418
2024-08-31,5.516454784688995,418
2024-09-01,4.617145971084337,415
2024-09-02,3.991485543478261,414
2024-09-03,6.750823745803357,417
2024-09-04,7.787632243436755,419
2024-09-05,8.058545933333333,420
2024-09-06,7.233827565947243,417
2024-09-07,5.365130660146699,409
2024-09-08,5.382599694376529,409
2024-09-09,8.029400384615384,416
2024-09-10,8.459208455635492,417
2024-09-11,7.7862300623501195,417
2024-09-12,7.092722875598087,418
2024-09-13,7.398026863961814,419
2024-09-14,5.777662007211538,416
2024-09-15,4.472729033816425,414
2024-09-16,5.946145715990453,419
2024-09-17,6.6235564399038465,416
2024-09-18,7.482536634615385,416
2024-09-19,7.246896578313253,415
2024-09-20,7.494677689903846,416
2024-09-21,5.979498428223844,411
2024-09-22,5.322794360294118,408
2024-09-23,7.10040271942446,417
2024-09-24,7.503954011933175,419
2024-09-25,7.210169627403847,416
2024-09-26,7.870351446555819,421
2024-09-27,8.201895923444976,418
2024-09-28,6.732657567307692,416
2024-09-29,5.690504685851319,417
2024-09-30,8.362370324582338,419
2024-10-01,8.608081383693046,417
2024-10-02,9.138170519138756,418
2024-10-03,9.660340995238094,420
2024-10-04,9.351734071090048,422
2024-10-05,7.159742139810427,422
2024-10-06,6.510085833333333,420
2024-10-07,8.690338536817102,421
2024-10-08,9.725402940047962,417
2024-10-09,9.774195747596155,416
2024-10-10,9.284928156626506,415
2024-10-11,10.25945830769231,416
2024-10-12,8.128181166666668,414
2024-10-13,6.3641559170731705,410
2024-10-14,7.0257944375,416
2024-10-15,8.018412278846155,416
2024-10-16,6.942019368932039,412
2024-10-17,7.949919809178745,414
2024-10-18,8.40671092124105,419
2024-10-19,9.196869527710843,415
2024-10-20,9.449894840963855,415
2024-10-21,12.172592081145586,419
2024-10-22,12.212744237410073,417
2024-10-23,11.181934353221958,419
2024-10-24,9.836598767772513,422
2024-10-25,11.271873085308057,422
2024-10-26,9.700915111374407,422
2024-10-27,8.612421071770335,418
2024-10-28,8.340375174224343,419
2024-10-29,7.2385487553956835,417
2024-10-30,8.337805459330143,418
2024-10-31,8.852746560859188,419
2024-11-01,8.693653811904761,420
2024-11-02,6.937479615384616,416
2024-11-03,5.500376873479319,411
2024-11-04,7.914294283980583,412
2024-11-05,8.564121105515587,417
2024-11-06,7.399053203836931,417
2024-11-07,8.436902059808613,418
2024-11-08,9.469111907363422,421
2024-11-09,9.240737472553699,419
2024-11-10,9.502980028639618,419
2024-11-11,9.044841942720764,419
2024-11-12,7.814551565320666,421
2024-11-13,10.12258612142857,420
2024-11-14,11.275344173809524,420
2024-11-15,9.526152556872038,422
2024-11-16,6.962269392857143,420
2024-11-17,7.887659687350835,419
2024-11-18,9.633242626477541,423
2024-11-19,10.115208523584906,424
2024-11-20,10.934648971360382,419
2024-11-21,11.321260539568346,417
2024-11-22,11.580005730310264,419
2024-11-23,8.534982002398083,417
2024-11-24,6.589330891566265,415
2024-11-25,10.243695381861576,419
2024-11-26,10.157796549528301,424
2024-11-27,9.515151182033097,423
2024-11-28,6.550955083333333,420
2024-11-29,7.9716159575471695,424
2024-11-30,9.229807548463356,423
2024-12-01,10.324243676122931,423
2024-12-02,12.756935853080568,422
2024-12-03,12.309833725118484,422
2024-12-04,11.963124349168647,421
2024-12-05,10.31148679047619,420
2024-12-06,11.264515397163121,423
2024-12-07,11.169156859484778,427
2024-12-08,9.728404630588235,425
2024-12-09,10.354608011792452,424
2024-12-10,9.691859585308057,422
2024-12-11,11.185918964871194,427
2024-12-12,10.848547910165484,423
2024-12-13,10.899165981176472,425
2024-12-14,9.569827471830985,426
2024-12-15,9.302044910588235,425
2024-12-16,11.325923620608899,427
2024-12-17,11.14221997393365,422
2024-12-18,11.585317002364066,423
2024-12-19,11.37320081690141,426
2024-12-20,12.146682082159625,426
2024-12-21,10.173517118203309,423
2024-12-22,10.51890029009434,424
2024-12-23,12.625415185446009,426
2024-12-24,10.481961661971832,426
2024-12-25,7.446323323943662,426
2024-12-26,10.108491023529412,425
2024-12-27,10.73518947764706,425
2024-12-28,9.800236104265403,422
2024-12-29,8.3172465035461,423
2024-12-30,8.146333108235293,425
2024-12-31,9.351290896955504,427
2025-01-01,7.332306726817043,399
2025-01-02,9.968731885,400
2025-01-03,10.310951980099501,402
2025-01-04,6.812618638888889,396
2025-01-05,7.649133356060607,396
2025-01-06,9.128245005037783,397
2025-01-07,7.101589893300249,403
2025-01-08,8.356687032418952,401
2025-01-09,9.693494105793452,397
2025-01-10,11.015600703980098,402
2025-01-11,9.03415275124378,402
2025-01-12,8.644014094527362,402
2025-01-13,10.339455962779157,403
2025-01-14,10.909337448019802,404
2025-01-15,12.173056787128713,404
2025-01-16,14.476800166253103,403
2025-01-17,12.755856256157635,406
2025-01-18,8.791440743781095,402
2025-01-19,7.598706174563591,401
2025-01-20,7.2151878525,400
2025-01-21,10.526027495024877,402
2025-01-22,12.557988918316832,404
2025-01-23,13.969626221674877,406
2025-01-24,14.355060287469287,407
2025-01-25,10.90504800248139,403
2025-01-26,9.063563311881188,404
2025-01-27,11.462202332506203,403
2025-01-28,11.731083221130222,407
2025-01-29,11.620455725925927,405
2025-01-30,12.452024301470587,408
2025-01-31,12.883795520987654,405
2025-02-01,9.25620844638404,401
2025-02-02,9.28217767839196,398
2025-02-03,11.149359562189055,402
2025-02-04,7.799048957393484,399
2025-02-05,7.683321920199502,401
2025-02-06,8.9044919201995,401
2025-02-07,7.488489625935162,401
2025-02-08,7.43775130075188,399
2025-02-09,7.336929874371859,398
2025-02-10,9.639745972292191,397
2025-02-11,9.738225876884423,398
2025-02-12,8.631907761904762,399
2025-02-13,8.249969194444445,396
2025-02-14,7.713990990074442,403
2025-02-15,8.041239726817043,399
2025-02-16,7.394378453865336,401
2025-02-17,7.470555189526184,401
2025-02-18,7.57342386,400
2025-02-19,8.8203498975,400
2025-02-20,8.239254106435643,404
2025-02-21,8.716957378109454,402
2025-02-22,10.142659491315136,403
2025-02-23,10.273127627500001,400
2025-02-24,11.987041977667495,403
2025-02-25,11.869331002475247,404
2025-02-26,11.404111774752476,404
2025-02-27,10.89905575,408
2025-02-28,10.444169466666667,405
2025-03-01,7.531687236318408,402
2025-03-02,5.734382614427861,402
2025-03-03,8.150618828358208,402
2025-03-04,8.288408273869347,398
2025-03-05,7.472391059701493,402
2025-03-06,6.471614630272953,403
2025-03-07,7.357862488833747,403
2025-03-08,6.83961108478803,401
2025-03-09,7.834219577114427,402
2025-03-10,11.114228576732673,404
2025-03-11,10.03129835235732,403
2025-03-12,7.985979260545906,403
2025-03-13,7.974074009876543,405
2025-03-14,6.7657265173267325,404
2025-03-15,5.0733523525,400
2025-03-16,5.257726577114428,402
2025-03-17,6.759775582309582,407
2025-03-18,6.996581431034483,406
2025-03-19,8.065175024509804,408
2025-03-20,7.478459756690998,411
2025-03-21,7.9282089829268285,410
2025-03-22,6.994489754385964,399
2025-03-23,5.4611683341772155,395
2025-03-24,8.610094620098039,408
2025-03-25,8.825365916461918,407
2025-03-26,7.935357100244499,409
2025-03-27,8.027577424390245,410
2025-03-28,7.5256679536585365,410
2025-03-29,5.229610879606879,407
2025-03-30,4.232655555831266,403
2025-03-31,5.630856395121952,410
2025-04-01,5.174890182741117,394
2025-04-02,5.460580361538462,390
2025-04-03,6.220246751269036,394
2025-04-04,6.334586324937027,397
2025-04-05,5.148289207594937,395
2025-04-06,5.262364890025576,391
2025-04-07,7.4925244847715735,394
2025-04-08,7.601007420253165,395
2025-04-09,8.625536402035623,393
2025-04-10,8.971274167088607,395
2025-04-11,8.443770254452927,393
2025-04-12,6.442849255754475,391
2025-04-13,4.968002982142857,392
2025-04-14,7.437709134177216,395
2025-04-15,6.60838909390863,394
2025-04-16,6.052126672588833,394
2025-04-17,6.100018218829516,393
2025-04-18,5.808056943877552,392
2025-04-19,4.796360627249357,389
2025-04-20,4.329262816062176,386
2025-04-21,6.758236498721228,391
2025-04-22,7.276118005089058,393
2025-04-23,7.32928536061381,391
2025-04-24,7.348879176923077,390
2025-04-25,6.050305270618557,388
2025-04-26,4.075246325520833,384
2025-04-27,3.5885536736292427,383
2025-04-28,5.8540655155440415,386
2025-04-29,6.04375557622739,387
2025-04-30,5.757048581395349,387
2025-05-01,6.26943952685422,391
2025-05-02,6.322508012886598,388
2025-05-03,4.733064185863874,382
2025-05-04,4.122028104712042,382
2025-05-05,5.657856700258398,387
2025-05-06,6.1915727493540045,387
2025-05-07,6.591284271794873,390
2025-05-08,7.15442094132653,392
2025-05-09,6.957819317010309,388
2025-05-10,5.817604512953368,386
2025-05-11,5.0084757057291664,384
2025-05-12,6.410707902313625,389
2025-05-13,5.342435876606683,389
2025-05-14,5.344541976923077,390
2025-05-15,6.0227025835475585,389
2025-05-16,6.127454435897436,390
2025-05-17,3.910005212435233,386
2025-05-18,3.029693062176166,386
2025-05-19,4.497016527131783,387
2025-05-20,5.522391665803109,386
2025-05-21,6.423958764857881,387
2025-05-22,5.983696126943006,386
2025-05-23,5.510158229591837,392
2025-05-24,4.102617375959079,391
2025-05-25,3.5259693118556696,388
2025-05-26,4.068783829842932,382
2025-05-27,6.185790169665809,389
2025-05-28,6.43973369250646,387
2025-05-29,6.560095035714285,392
2025-05-30,6.877869211734693,392
2025-05-31,4.874037097435897,390
2025-06-01,4.667042987046632,386
2025-06-02,6.64152663496144,389
2025-06-03,6.577004167525773,388
2025-06-04,6.23234876744186,387
2025-06-05,6.232119921671019,383
2025-06-06,5.997696813953488,387
2025-06-07,4.825394440414508,386
2025-06-08,4.185995206718347,387
2025-06-09,5.708070730077122,389
2025-06-10,6.337065578005115,391
2025-06-11,6.732787953964194,391
2025-06-12,6.403775214285714,392
2025-06-13,5.767237312020461,391
2025-06-14,4.417068928205128,390
2025-06-15,4.24481693814433,388
2025-06-16,6.26112565374677,387
2025-06-17,5.657593689119172,386
2025-06-18,5.831138097938144,388
2025-06-19,5.364405930232558,387
2025-06-20,5.147457418848167,382
2025-06-21,3.985766436842105,380
2025-06-22,3.5056151394736843,380
2025-06-23,5.156702437172775,382
2025-06-24,5.929551477690289,381
2025-06-25,6.2962014414893615,376
2025-06-26,6.191859965789473,380
2025-06-27,5.7003662189973605,379
2025-06-28,4.7802968297872335,376
2025-06-29,4.447189005347593,374
2025-06-30,5.722647420212766,376
2025-07-01,6.24860600729927,274
2025-07-02,6.2086997737226275,274
2025-07-03,6.032489422794118,272
2025-07-04,4.647847213483146,267
2025-07-05,4.496563563432836,268
2025-07-06,4.292286754716981,265
2025-07-07,5.443372644444445,270
2025-07-08,6.581907397058823,272
2025-07-09,6.8078974481481485,270
2025-07-10,6.325022507462687,268
2025-07-11,5.758473230483271,269
2025-07-12,4.526318126394052,269
2025-07-13,4.343857958490566,265
2025-07-14,6.140301925650558,269
2025-07-15,5.968236148148148,270
2025-07-16,5.101484062730628,271
2025-07-17,5.2027095296296295,270
2025-07-18,5.300067383763837,271
2025-07-19,4.32943584074074,270
2025-07-20,3.530065645283019,265
2025-07-21,4.526286781481481,270
2025-07-22,4.957713453531599,269
2025-07-23,5.325359225092251,271
2025-07-24,5.894834156934307,274
2025-07-25,5.997214923076923,273
2025-07-26,4.705457781818182,275
2025-07-27,4.2447772788104094,269
2025-07-28,6.125943140740741,270
2025-07-29,6.864593500000001,268
2025-07-30,6.805339514705882,272
2025-07-31,5.901254261029412,272
2025-08-01,6.1590334913793106,232
2025-08-02,5.75488448051948,231
2025-08-03,5.51172063362069,232
2025-08-04,7.277912038626609,233
2025-08-05,7.623616314893616,235
2025-08-06,7.7682506794871795,234
2025-08-07,7.7464403093220335,236
2025-08-08,7.02532747008547,234
2025-08-09,5.593817134199134,231
2025-08-10,5.014728826839827,231
2025-08-11,6.96315288362069,232
2025-08-12,7.199291564655172,232
2025-08-13,6.6848001043478265,230
2025-08-14,6.552817004347826,230
2025-08-15,6.299942238095238,231
2025-08-16,5.042281835497835,231
2025-08-17,4.676897091703057,229
2025-08-18,6.358712090128756,233
2025-08-19,7.523186510729613,233
2025-08-20,7.331475623931624,234
2025-08-21,7.7024995683760675,234
2025-08-22,8.17766074248927,233
2025-08-23,6.326977077586207,232
2025-08-24,4.861749354700855,234
2025-08-25,6.991367888412017,233
2025-08-26,7.051431442982456,228
2025-08-27,7.568607013157895,228
2025-08-28,8.002796931034483,232
2025-08-29,7.447727055555556,234
2025-08-30,6.278962532188841,233
2025-08-31,5.7339321869565225,230
2025-09-01,5.9082547590361445,166
2025-09-02,8.392105451807229,166
2025-09-03,8.934944807228916,166
2025-09-04,8.402929957317074,164
2025-09-05,7.664973406060606,165
2025-09-06,6.5944300545454535,165
2025-09-07,6.1244777682926825,164
2025-09-08,8.020222144578314,166
2025-09-09,8.084553442424243,165
2025-09-10,7.392046530120481,166
2025-09-11,7.883701325301205,166
2025-09-12,8.461883150602409,166
2025-09-13,7.015120963636364,165
2025-09-14,6.660791115151515,165
2025-09-15,9.032666969512196,164
2025-09-16,10.017944403614457,166
2025-09-17,9.65012516766467,167
2025-09-18,9.699095412121212,165
2025-09-19,9.098002698224851,169
2025-09-20,7.020310160714287,168
2025-09-21,6.432433017857143,168
2025-09-22,8.31132274556213,169
2025-09-23,8.602322773809524,168
2025-09-24,8.191221744047619,168
2025-09-25,8.448934517647059,170
2025-09-26,7.946280452941176,170
2025-09-27,7.337143188235293,170
2025-09-28,5.95034464117647,170
2025-09-29,8.83809438011696,171
2025-09-30,8.1765536,170
2025-10-01,6.6291595,26
2025-10-02,7.3318158076923075,26
2025-10-03,6.5209255384615386,26
2025-10-04,5.183331615384616,26
2025-10-05,4.4745571153846155,26
2025-10-06,6.117174307692308,26
2025-10-07,6.877332423076923,26
2025-10-08,7.543425153846154,26
2025-10-09,5.952284461538462,26
2025-10-10,5.486467076923077,26
2025-10-11,3.8102755,26
2025-10-12,3.787958653846154,26
2025-10-13,6.051803115384615,26
2025-10-14,5.819981346153846,26
2025-10-15,5.3458380384615385,26
2025-10-16,6.1026370000000005,26
2025-10-17,7.8273875,26
2025-10-18,6.150748153846154,26
2025-10-19,3.757435961538462,26
2025-10-20,5.53503523076923,26
2025-10-21,7.757793961538462,26
2025-10-22,8.538112384615385,26
2025-10-23,8.45331444,25
2025-10-24,9.389859576923076,26
2025-10-25,7.52772824,25
2025-10-26,4.63814316,25
2025-10-27,5.37439392,25
2025-10-28,7.151371461538461,26
2025-10-29,8.873477307692308,26
2025-10-30,8.933039384615386,26
2025-10-31,8.565497192307692,26
