date,ozone,ozone_n_stations
2022-09-25,0.03186775266175266,1221
2022-09-26,0.031414073589533936,1223
2022-09-27,0.030441837837837837,1221
2022-09-28,0.02843129290429043,1212
2022-09-29,0.028553007444168735,1209
2022-09-30,0.029386500408830743,1223
2022-10-01,0.03056262648556876,1178
2022-10-02,0.02909863945578231,1176
2022-10-03,0.028662563296516563,1177
2022-10-04,0.030442831632653062,1176
2022-10-05,0.03140811092294665,1181
2022-10-06,0.03222412574341546,1177
2022-10-07,0.03115825274725275,1183
2022-10-08,0.029981220713073006,1178
2022-10-09,0.030598566922421144,1173
2022-10-10,0.032540365811965816,1170
2022-10-11,0.034299393680614854,1171
2022-10-12,0.030844628717077313,1177
2022-10-13,0.0281257818336163,1178
2022-10-14,0.030290248510638298,1175
2022-10-15,0.029381766011955593,1171
2022-10-16,0.02749434589041096,1168
2022-10-17,0.02773481217838765,1166
2022-10-18,0.025260038095238094,1155
2022-10-19,0.024985138020833336,1152
2022-10-20,0.03033465187119234,1149
2022-10-21,0.03681820557491289,1148
2022-10-22,0.036822405240174674,1145
2022-10-23,0.034073278215223095,1143
2022-10-24,0.028246692576419215,1145
2022-10-25,0.02562856457242583,1146
2022-10-26,0.024364588132635253,1146
2022-10-27,0.027602186573670442,1147
2022-10-28,0.02618404192139738,1145
2022-10-29,0.027769810858143607,1142
2022-10-30,0.025786074758135446,1137
2022-10-31,0.025336744288224956,1138
2022-11-01,0.028964007761966365,773
2022-11-02,0.029498795306388523,767
2022-11-03,0.027700707953063883,767
2022-11-04,0.026205438481675395,764
2022-11-05,0.027676259791122718,766
2022-11-06,0.02784070588235294,765
2022-11-07,0.02668425,760
2022-11-08,0.02658903187250996,753
2022-11-09,0.026737588313413014,753
2022-11-10,0.026131946452476573,747
2022-11-11,0.022539694259012016,749
2022-11-12,0.023697663989290497,747
2022-11-13,0.025586038821954482,747
2022-11-14,0.023737985333333333,750
2022-11-15,0.02400991877496671,751
2022-11-16,0.02446696021220159,754
2022-11-17,0.025215774666666666,750
2022-11-18,0.026819472703062584,751
2022-11-19,0.026705138482023966,751
2022-11-20,0.02685916219839142,746
2022-11-21,0.024439426845637584,745
2022-11-22,0.022793793057409882,749
2022-11-23,0.025655141145139813,751
2022-11-24,0.026838609103078982,747
2022-11-25,0.023637900937081662,747
2022-11-26,0.024591833780160856,746
2022-11-27,0.025342375838926175,745
2022-11-28,0.02684036484687084,751
2022-11-29,0.024625876329787234,752
2022-11-30,0.025686774535809018,754
2022-12-01,0.02579806568364611,746
2022-12-02,0.023716127345844502,746
2022-12-03,0.02123479166666667,744
2022-12-04,0.020274889784946234,744
2022-12-05,0.020886600806451612,744
2022-12-06,0.020074445047489824,737
2022-12-07,0.01846461527967258,733
2022-12-08,0.021310166892808683,737
2022-12-09,0.021541020408163265,735
2022-12-10,0.024378428180574552,731
2022-12-11,0.024122886456908344,731
2022-12-12,0.02338208665749656,727
2022-12-13,0.023067110650069153,723
2022-12-14,0.022648189226519337,724
2022-12-15,0.02234049245541838,729
2022-12-16,0.024361475994513035,729
2022-12-17,0.023211415637860083,729
2022-12-18,0.023702547455295736,727
2022-12-19,0.021725341192787795,721
2022-12-20,0.019747119444444444,720
2022-12-21,0.018931567081604428,723
2022-12-22,0.02043361312849162,716
2022-12-23,0.0247241313559322,708
2022-12-24,0.024957576704545455,704
2022-12-25,0.025284348011363634,704
2022-12-26,0.022958486562942006,707
2022-12-27,0.0251162993006993,715
2022-12-28,0.027975567454798334,719
2022-12-29,0.0264626560332871,721
2022-12-30,0.02257205594405594,715
2022-12-31,0.024190827489481065,713
2023-01-01,0.024211161335187758,719
2023-01-02,0.023335082402234638,716
2023-01-03,0.022869153103448274,725
2023-01-04,0.0261564958677686,726
2023-01-05,0.026538070344827584,725
2023-01-06,0.024938039835164835,728
2023-01-07,0.026876174931129475,726
2023-01-08,0.02622430982019364,723
2023-01-09,0.026367266296809983,721
2023-01-10,0.027547903765690378,717
2023-01-11,0.02583681491712707,724
2023-01-12,0.0270849122085048,729
2023-01-13,0.026167031724137934,725
2023-01-14,0.02907619341563786,729
2023-01-15,0.031852832647462276,729
2023-01-16,0.028718987569060772,724
2023-01-17,0.024834150684931507,730
2023-01-18,0.024008522696011003,727
2023-01-19,0.025197501369863016,730
2023-01-20,0.026127467213114753,732
2023-01-21,0.02583209849521204,731
2023-01-22,0.028092593964334705,729
2023-01-23,0.028305141289437584,729
2023-01-24,0.026711700410396718,731
2023-01-25,0.02815118553888131,733
2023-01-26,0.02806359455782313,735
2023-01-27,0.027869473469387753,735
2023-01-28,0.03045035704514364,731
2023-01-29,0.029174626886145406,729
2023-01-30,0.02490216802168022,738
2023-01-31,0.02512331848852901,741
2023-02-01,0.02479974089068826,741
2023-02-02,0.026213666218034993,743
2023-02-03,0.02909040348525469,746
2023-02-04,0.03211075978407558,741
2023-02-05,0.03161730997304582,742
2023-02-06,0.031823971849865955,746
2023-02-07,0.02906777376171352,747
2023-02-08,0.028535211436170212,752
2023-02-09,0.03141879415670651,753
2023-02-10,0.03183368841544607,751
2023-02-11,0.030120262666666668,750
2023-02-12,0.03295012955465587,741
2023-02-13,0.03543072229639519,749
2023-02-14,0.0355950509383378,746
2023-02-15,0.03217266844919786,748
2023-02-16,0.029547223262032088,748
2023-02-17,0.03111635552596538,751
2023-02-18,0.032702583444592793,749
2023-02-19,0.033536809906291834,747
2023-02-20,0.030811477911646585,747
2023-02-21,0.03315900401069519,748
2023-02-22,0.03254053989361702,752
2023-02-23,0.0323210625,752
2023-02-24,0.032649829590488774,757
2023-02-25,0.03038358201058201,756
2023-02-26,0.03264092734478203,757
2023-02-27,0.03461635177865612,759
2023-02-28,0.029964241622574956,1134
2023-03-01,0.033981321799307955,1156
2023-03-02,0.03162970872947277,1157
2023-03-03,0.03382406724137931,1160
2023-03-04,0.03599955497835498,1155
2023-03-05,0.03846203726169844,1154
2023-03-06,0.03619031483087597,1153
2023-03-07,0.03608211130284728,1159
2023-03-08,0.03482462618432386,1161
2023-03-09,0.034328292850990524,1161
2023-03-10,0.03191506620808254,1163
2023-03-11,0.03280464853195164,1158
2023-03-12,0.032326514236410704,1159
2023-03-13,0.03399730034423408,1162
2023-03-14,0.03557496020761246,1156
2023-03-15,0.03698042350907519,1157
2023-03-16,0.03870317962003455,1158
2023-03-17,0.036687942241379314,1160
2023-03-18,0.038635860505666954,1147
2023-03-19,0.038321993006993,1144
2023-03-20,0.03837518977469671,1154
2023-03-21,0.03896156833910035,1156
2023-03-22,0.0367080793787748,1159
2023-03-23,0.034781981958762885,1164
2023-03-24,0.03486176030927835,1164
2023-03-25,0.03690240086206897,1160
2023-03-26,0.03740906846999155,1183
2023-03-27,0.03794645264040234,1193
2023-03-28,0.039447432635983264,1195
2023-03-29,0.0411451186299081,1197
2023-03-30,0.04172737907949791,1195
2023-03-31,0.0390704582299421,1209
2023-04-01,0.03947673512154233,1193
2023-04-02,0.039154477424749166,1196
2023-04-03,0.03822527606338616,1199
2023-04-04,0.034333103247293925,1201
2023-04-05,0.03454882431307244,1201
2023-04-06,0.03586733805162365,1201
2023-04-07,0.03821706244796003,1201
2023-04-08,0.03725351793160967,1199
2023-04-09,0.039538702680067005,1194
2023-04-10,0.040472179166666664,1200
2023-04-11,0.04438578119800333,1202
2023-04-12,0.04387650857142857,1225
2023-04-13,0.04366176910435497,1217
2023-04-14,0.04075027677100494,1214
2023-04-15,0.038029111847555926,1207
2023-04-16,0.038132964285714284,1204
2023-04-17,0.042250854045037534,1199
2023-04-18,0.043471680532445926,1202
2023-04-19,0.043457092715231786,1208
2023-04-20,0.043339311934156376,1215
2023-04-21,0.04092459950657895,1216
2023-04-22,0.03780250788381743,1205
2023-04-23,0.0376659991687448,1203
2023-04-24,0.03912724132231405,1210
2023-04-25,0.038072723770491805,1220
2023-04-26,0.03825332895816243,1219
2023-04-27,0.039120564754098364,1220
2023-04-28,0.039440326813365935,1227
2023-04-29,0.037715899591836737,1225
2023-04-30,0.03923682992641047,1223
2023-05-01,0.03865752571428571,1225
2023-05-02,0.03687025568181818,1232
2023-05-03,0.03680543306451613,1240
2023-05-04,0.037284491552695094,1243
2023-05-05,0.03795411048387097,1240
2023-05-06,0.037778638573743924,1234
2023-05-07,0.03786658617886179,1230
2023-05-08,0.037691436585365855,1230
2023-05-09,0.03882496188158962,1233
2023-05-10,0.04083781478472786,1231
2023-05-11,0.04060829991850041,1227
2023-05-12,0.039546130364372475,1235
2023-05-13,0.03846240373679935,1231
2023-05-14,0.03741301309328969,1222
2023-05-15,0.03789361769480519,1232
2023-05-16,0.04010410913500404,1237
2023-05-17,0.04013709155485399,1267
2023-05-18,0.04117031987075929,1238
2023-05-19,0.037751705882352944,1241
2023-05-20,0.034709110751818914,1237
2023-05-21,0.03740940728744939,1235
2023-05-22,0.04128096839546191,1234
2023-05-23,0.04142722745735175,1231
2023-05-24,0.04201138665594856,1244
2023-05-25,0.04040954065040651,1230
2023-05-26,0.04193230719482619,1237
2023-05-27,0.043458648,1250
2023-05-28,0.042204469205834684,1234
2023-05-29,0.04173128200972447,1234
2023-05-30,0.04031483954619124,1234
2023-05-31,0.039892288082083664,1267
2023-06-01,0.04133159797033568,1281
2023-06-02,0.043987615019762845,1265
2023-06-03,0.043194187096774195,1240
2023-06-04,0.04090472712550607,1235
2023-06-05,0.041317023405972556,1239
2023-06-06,0.0435553577170418,1244
2023-06-07,0.0408637,1240
2023-06-08,0.04022739854486661,1237
2023-06-09,0.04084474536663981,1241
2023-06-10,0.043646549193548385,1240
2023-06-11,0.03929497644191714,1231
2023-06-12,0.03689066558441559,1232
2023-06-13,0.038504581508515816,1233
2023-06-14,0.03804774939369442,1237
2023-06-15,0.03813411129163282,1231
2023-06-16,0.037889702526487365,1227
2023-06-17,0.0400369959049959,1221
2023-06-18,0.03936544526748972,1215
2023-06-19,0.039168937704918035,1220
2023-06-20,0.03882036025848142,1238
2023-06-21,0.038264526742301457,1234
2023-06-22,0.03537026645519429,1261
2023-06-23,0.03488644524959742,1242
2023-06-24,0.03703818087649403,1255
2023-06-25,0.037462214743589746,1248
2023-06-26,0.0372357982243745,1239
2023-06-27,0.03759765189363417,1241
2023-06-28,0.04017887177482408,1279
2023-06-29,0.041134491777603754,1277
2023-06-30,0.04113012197028929,1279
2023-07-01,0.03970955177993528,1236
2023-07-02,0.036873128267973856,1224
2023-07-03,0.03695530226904376,1234
2023-07-04,0.035770687296416935,1228
2023-07-05,0.03516222024291498,1235
2023-07-06,0.03479908930008045,1243
2023-07-07,0.03483972594987874,1237
2023-07-08,0.0346636639544345,1229
2023-07-09,0.033233482843137256,1224
2023-07-10,0.03548199270072992,1233
2023-07-11,0.03747401775625504,1239
2023-07-12,0.03668666531932094,1237
2023-07-13,0.035753543602281994,1227
2023-07-14,0.03624672608340147,1223
2023-07-15,0.03458504773462783,1236
2023-07-16,0.03446156750202102,1237
2023-07-17,0.036105999188311685,1232
2023-07-18,0.03571712296416938,1228
2023-07-19,0.034935121138211386,1230
2023-07-20,0.037240582587469484,1229
2023-07-21,0.035423782467532465,1232
2023-07-22,0.03465287957689178,1229
2023-07-23,0.036736002429149796,1235
2023-07-24,0.03793783414239482,1236
2023-07-25,0.0396151319388576,1243
2023-07-26,0.04016956500802568,1246
2023-07-27,0.03798636392914653,1242
2023-07-28,0.038440277551020405,1225
2023-07-29,0.034547168170631665,1219
2023-07-30,0.033299901054339005,1233
2023-07-31,0.034986748981255096,1227
2023-08-01,0.03620385481239804,1226
2023-08-02,0.036868159705159706,1221
2023-08-03,0.036786771241830066,1224
2023-08-04,0.035950525630593984,1229
2023-08-05,0.03525559787059787,1221
2023-08-06,0.03467920709570957,1212
2023-08-07,0.033419320331950206,1205
2023-08-08,0.033517640920295806,1217
2023-08-09,0.03350822477440525,1219
2023-08-10,0.032394069501226495,1223
2023-08-11,0.032341025995125915,1231
2023-08-12,0.03321690196078431,1224
2023-08-13,0.030714276456111567,1219
2023-08-14,0.03146194453507341,1226
2023-08-15,0.03240754640839386,1239
2023-08-16,0.03537506634692246,1251
2023-08-17,0.03580377180114099,1227
2023-08-18,0.03602298864557989,1233
2023-08-19,0.03561750123051682,1219
2023-08-20,0.033554099754701555,1223
2023-08-21,0.03173879050736497,1222
2023-08-22,0.0329823314378554,1231
2023-08-23,0.03563559610705596,1233
2023-08-24,0.0369748631147541,1220
2023-08-25,0.035157625407166125,1228
2023-08-26,0.033972355792933444,1217
2023-08-27,0.03259777112387203,1219
2023-08-28,0.03403869942669943,1221
2023-08-29,0.0340929068627451,1224
2023-08-30,0.034603910964550705,1213
2023-08-31,0.035107449713818475,1223
2023-09-01,0.03417247716150082,1226
2023-09-02,0.035808463054187195,1218
2023-09-03,0.03427039388934765,1211
2023-09-04,0.032779019008264465,1210
2023-09-05,0.0328411393442623,1220
2023-09-06,0.03292921693548387,1240
2023-09-07,0.03279667095736122,1243
2023-09-08,0.03247105288852726,1229
2023-09-09,0.03231221760391198,1227
2023-09-10,0.030244665579119086,1226
2023-09-11,0.02972429641693811,1228
2023-09-12,0.03006083360522023,1226
2023-09-13,0.030344614379084964,1224
2023-09-14,0.032070914447134787,1239
2023-09-15,0.03227319886822959,1237
2023-09-16,0.033173723089564504,1217
2023-09-17,0.03229374979423868,1215
2023-09-18,0.03292549630844955,1219
2023-09-19,0.033886340704340705,1221
2023-09-20,0.03434915334420881,1226
2023-09-21,0.033645714401952805,1229
2023-09-22,0.03439544009779951,1227
2023-09-23,0.034221710892710894,1221
2023-09-24,0.031103169811320754,1219
2023-09-25,0.029822295901639345,1220
2023-09-26,0.029324549630844955,1219
2023-09-27,0.029907183823529408,1224
2023-09-28,0.029885181818181818,1221
2023-09-29,0.030733370400654127,1223
2023-09-30,0.030498708777686626,1219
2023-10-01,0.03121555110732538,1174
2023-10-02,0.03251626079593565,1181
2023-10-03,0.034097998309382926,1183
2023-10-04,0.0329120813559322,1180
2023-10-05,0.030067189189189193,1184
2023-10-06,0.028162581081081082,1184
2023-10-07,0.02841065593220339,1180
2023-10-08,0.029025241086587432,1178
2023-10-09,0.02890082242990654,1177
2023-10-10,0.029789539574468088,1175
2023-10-11,0.02958368344709898,1172
2023-10-12,0.027856420648464164,1172
2023-10-13,0.025642575680272107,1176
2023-10-14,0.02391336425531915,1175
2023-10-15,0.026122871160409556,1172
2023-10-16,0.023881920308483292,1167
2023-10-17,0.02570894061962134,1162
2023-10-18,0.028357118820468343,1153
2023-10-19,0.02981475543951262,1149
2023-10-20,0.029500304952215464,1151
2023-10-21,0.030103299563318777,1145
2023-10-22,0.02789699650655022,1145
2023-10-23,0.027564714036617262,1147
2023-10-24,0.030967009548611108,1152
2023-10-25,0.02978220942408377,1146
2023-10-26,0.028164724587315376,1151
2023-10-27,0.025768854656222803,1149
2023-10-28,0.025178461605584644,1146
2023-10-29,0.02364319527145359,1142
2023-10-30,0.024485326029798422,1141
2023-10-31,0.027382393728222997,1148
2023-11-01,0.027126142857142856,812
2023-11-02,0.029489349323493237,813
2023-11-03,0.03170674565756824,806
2023-11-04,0.030014324223602486,805
2023-11-05,0.031838447204968943,805
2023-11-06,0.03149338528678305,802
2023-11-07,0.030250796019900494,804
2023-11-08,0.028294986318407957,804
2023-11-09,0.024916183291770574,802
2023-11-10,0.024208649625935164,802
2023-11-11,0.025358738693467334,796
2023-11-12,0.026922209068010076,794
2023-11-13,0.026201445692883896,801
2023-11-14,0.026256496863237142,797
2023-11-15,0.02701456242118537,793
2023-11-16,0.02494692731829574,798
2023-11-17,0.024874166458072593,799
2023-11-18,0.025127236180904525,796
2023-11-19,0.029010431446540884,795
2023-11-20,0.02539618813131313,792
2023-11-21,0.023802733585858587,792
2023-11-22,0.02165513417721519,790
2023-11-23,0.024751413705583758,788
2023-11-24,0.02608034263959391,788
2023-11-25,0.024505687898089174,785
2023-11-26,0.02456760791826309,783
2023-11-27,0.024867663694267517,785
2023-11-28,0.024624268789808917,785
2023-11-29,0.02592796823379924,787
2023-11-30,0.026788603535353537,792
2023-12-01,0.02316727692307692,780
2023-12-02,0.021928868725868723,777
2023-12-03,0.02349868134715026,772
2023-12-04,0.02126504134366925,774
2023-12-05,0.021655917861799216,767
2023-12-06,0.02507438571428571,770
2023-12-07,0.026403080729166667,768
2023-12-08,0.026379716883116883,770
2023-12-09,0.026151674479166668,768
2023-12-10,0.023584492167101827,766
2023-12-11,0.021093351948051946,770
2023-12-12,0.02252482314694408,769
2023-12-13,0.023614922178988324,771
2023-12-14,0.023738973890339424,766
2023-12-15,0.023688875486381326,771
2023-12-16,0.024332411917098444,772
2023-12-17,0.023538297650130546,766
2023-12-18,0.023354708712613786,769
2023-12-19,0.024124934895833335,768
2023-12-20,0.02290914785992218,771
2023-12-21,0.02065692912371134,776
2023-12-22,0.019338804375804375,777
2023-12-23,0.022961544631306598,773
2023-12-24,0.022832509778357237,767
2023-12-25,0.023525684415584416,770
2023-12-26,0.020244216145833334,768
2023-12-27,0.021433215123859192,767
2023-12-28,0.020442360931435963,773
2023-12-29,0.02262427237354086,771
2023-12-30,0.022916784415584417,770
2023-12-31,0.026118,768
2024-01-01,0.023032015727391875,763
2024-01-02,0.022509980494148246,769
2024-01-03,0.02388607152145644,769
2024-01-04,0.02586434289439374,767
2024-01-05,0.023914514248704666,772
2024-01-06,0.02445193725490196,765
2024-01-07,0.026721137434554974,764
2024-01-08,0.024236778645833332,768
2024-01-09,0.02616848496732026,765
2024-01-10,0.02771252031454784,763
2024-01-11,0.027131980263157898,760
2024-01-12,0.026708032981530343,758
2024-01-13,0.0279806608811749,749
2024-01-14,0.027107372311827953,744
2024-01-15,0.0244722908847185,746
2024-01-16,0.026561258666666664,750
2024-01-17,0.0273230222513089,764
2024-01-18,0.024155766404199478,762
2024-01-19,0.026358080729166667,768
2024-01-20,0.02806833071895425,765
2024-01-21,0.028136770039421815,761
2024-01-22,0.025508971241830065,765
2024-01-23,0.022305119791666665,768
2024-01-24,0.01984711345646438,758
2024-01-25,0.019768348958333334,768
2024-01-26,0.02086824155844156,770
2024-01-27,0.02196004150453956,771
2024-01-28,0.023643169712793736,766
2024-01-29,0.02433621474773609,773
2024-01-30,0.02598107216494845,776
2024-01-31,0.027561567774936062,782
2024-02-01,0.026337838010204083,784
2024-02-02,0.02793735414012739,785
2024-02-03,0.029062512163892443,781
2024-02-04,0.030217971685971685,777
2024-02-05,0.02845362387676508,779
2024-02-06,0.027837707908163267,784
2024-02-07,0.03050501025641026,780
2024-02-08,0.02956170166453265,781
2024-02-09,0.02862692071611253,782
2024-02-10,0.02748320231958763,776
2024-02-11,0.02484355512820513,780
2024-02-12,0.025197885057471264,783
2024-02-13,0.028410891165172855,781
2024-02-14,0.0332823583227446,787
2024-02-15,0.03128090644753476,791
2024-02-16,0.030374434673366833,796
2024-02-17,0.032250253768844224,796
2024-02-18,0.03252618592964824,796
2024-02-19,0.032358224592220826,797
2024-02-20,0.03236760503144654,795
2024-02-21,0.03405014391143911,813
2024-02-22,0.03263970460048426,826
2024-02-23,0.031093543817527013,833
2024-02-24,0.03426820457280385,831
2024-02-25,0.03501603373493976,830
2024-02-26,0.03459756047904192,835
2024-02-27,0.03388471816037736,848
2024-02-28,0.03254455594405594,858
2024-02-29,0.030443510096575945,1139
2024-03-01,0.031067263250883395,1132
2024-03-02,0.03059939377777778,1125
2024-03-03,0.031012060444444444,1125
2024-03-04,0.03075133068081344,1131
2024-03-05,0.02850352743362832,1130
2024-03-06,0.027368302736098853,1133
2024-03-07,0.027641394366197183,1136
2024-03-08,0.028761589991220367,1139
2024-03-09,0.03112518221830986,1136
2024-03-10,0.03532306707855251,1133
2024-03-11,0.03753369169611307,1132
2024-03-12,0.037763150044130625,1133
2024-03-13,0.03744426666666667,1140
2024-03-14,0.03713423746701847,1137
2024-03-15,0.031011056189640035,1139
2024-03-16,0.03371496306068602,1137
2024-03-17,0.03370090396475771,1135
2024-03-18,0.033604464160839155,1144
2024-03-19,0.03614967015706807,1146
2024-03-20,0.03819750261780105,1146
2024-03-21,0.03684097894736842,1140
2024-03-22,0.03552726608695652,1150
2024-03-23,0.03819693641114982,1148
2024-03-24,0.03830414751286449,1166
2024-03-25,0.0381121926369863,1168
2024-03-26,0.03397990846877673,1169
2024-03-27,0.031523815384615385,1170
2024-03-28,0.036673868263473054,1169
2024-03-29,0.041389806148590946,1171
2024-03-30,0.03936749957155099,1167
2024-03-31,0.03631521495327103,1177
2024-04-01,0.0329787165820643,1182
2024-04-02,0.03519646588037068,1187
2024-04-03,0.03719347851727043,1187
2024-04-04,0.03828900591715976,1183
2024-04-05,0.039236348523206746,1185
2024-04-06,0.038728520710059174,1183
2024-04-07,0.03918822673434856,1182
2024-04-08,0.038408401687763716,1185
2024-04-09,0.03850146576500423,1183
2024-04-10,0.03801177937447168,1183
2024-04-11,0.03897517920540997,1183
2024-04-12,0.04179922966101695,1180
2024-04-13,0.044831545762711866,1180
2024-04-14,0.04531079676870748,1176
2024-04-15,0.04313965820642978,1182
2024-04-16,0.041217516863406405,1186
2024-04-17,0.0375227827181208,1192
2024-04-18,0.03533169798657718,1192
2024-04-19,0.03614599664710813,1193
2024-04-20,0.036101614153327716,1187
2024-04-21,0.035813530749789386,1187
2024-04-22,0.04132532271584242,1193
2024-04-23,0.041966139378673384,1191
2024-04-24,0.03931064507989908,1189
2024-04-25,0.038827529907329406,1187
2024-04-26,0.03888619512195122,1189
2024-04-27,0.037644157540016855,1187
2024-04-28,0.03587985304054054,1184
2024-04-29,0.038017808403361344,1190
2024-04-30,0.03795986540049546,1211
2024-05-01,0.03876165460526316,1216
2024-05-02,0.03841677467105263,1216
2024-05-03,0.03638403533278554,1217
2024-05-04,0.034435017326732674,1212
2024-05-05,0.033470289495450785,1209
2024-05-06,0.033306525577557755,1212
2024-05-07,0.03616931907894737,1216
2024-05-08,0.03711012757201646,1215
2024-05-09,0.03412472928630025,1219
2024-05-10,0.035254126229508194,1220
2024-05-11,0.03763399671592775,1218
2024-05-12,0.03845196396396396,1221
2024-05-13,0.03894542053789731,1227
2024-05-14,0.03754294444444445,1224
2024-05-15,0.03738464068908942,1219
2024-05-16,0.037623165016501654,1212
2024-05-17,0.0373178407960199,1206
2024-05-18,0.038683306922435365,1199
2024-05-19,0.039472541736227044,1198
2024-05-20,0.039568200329760925,1213
2024-05-21,0.04005298780487805,1230
2024-05-22,0.040179976345840134,1226
2024-05-23,0.03886620510708402,1214
2024-05-24,0.03950016078753077,1219
2024-05-25,0.036757807723911254,1217
2024-05-26,0.03862216680361545,1217
2024-05-27,0.03758545070422535,1207
2024-05-28,0.03906640298507463,1206
2024-05-29,0.038391162541254124,1212
2024-05-30,0.039521913863822804,1219
2024-05-31,0.0418004415372036,1223
2024-06-01,0.040537467213114756,1220
2024-06-02,0.03717625020508614,1219
2024-06-03,0.03610122559474979,1219
2024-06-04,0.03695599835255354,1214
2024-06-05,0.03436352844187964,1213
2024-06-06,0.03688785313531353,1212
2024-06-07,0.03827608484349259,1214
2024-06-08,0.037763213872832366,1211
2024-06-09,0.03469523203963666,1211
2024-06-10,0.032995781998348475,1211
2024-06-11,0.0364676,1210
2024-06-12,0.04112947729149463,1211
2024-06-13,0.044580082047116165,1231
2024-06-14,0.04338411330049261,1218
2024-06-15,0.041810200655200656,1221
2024-06-16,0.04068069134775374,1202
2024-06-17,0.03774627976686094,1201
2024-06-18,0.03683396589018303,1202
2024-06-19,0.036869905,1200
2024-06-20,0.036673956016597516,1205
2024-06-21,0.037409046396023195,1207
2024-06-22,0.03859302666666667,1200
2024-06-23,0.036270107769423555,1197
2024-06-24,0.038581433805162366,1201
2024-06-25,0.03943197672485453,1203
2024-06-26,0.03751278036605657,1202
2024-06-27,0.03644490050167224,1196
2024-06-28,0.03621108818635607,1202
2024-06-29,0.03320449622799664,1193
2024-06-30,0.03189715146443514,1195
2024-07-01,0.034213505376344086,1209
2024-07-02,0.03909544105523496,1213
2024-07-03,0.03715210444078947,1216
2024-07-04,0.034898608552631584,1216
2024-07-05,0.03579559124690339,1211
2024-07-06,0.037053122821576766,1205
2024-07-07,0.036956473466003316,1206
2024-07-08,0.038713878661087865,1195
2024-07-09,0.03824160099337748,1208
2024-07-10,0.03796444078947368,1216
2024-07-11,0.039088104958677684,1210
2024-07-12,0.038866229013854926,1227
2024-07-13,0.03883578400659522,1213
2024-07-14,0.03783876719138359,1207
2024-07-15,0.03978341652892562,1210
2024-07-16,0.03862332976092333,1213
2024-07-17,0.036206797197032146,1213
2024-07-18,0.03503849178981938,1218
2024-07-19,0.03681873420836751,1219
2024-07-20,0.03787403624382208,1214
2024-07-21,0.0367970986949429,1226
2024-07-22,0.036315097959183675,1225
2024-07-23,0.03756603025347506,1223
2024-07-24,0.03496646885245902,1220
2024-07-25,0.034696308380797396,1229
2024-07-26,0.03477629854368932,1236
2024-07-27,0.03511789504132231,1210
2024-07-28,0.03482423383084577,1206
2024-07-29,0.03384183100902379,1219
2024-07-30,0.03520637091503268,1224
2024-07-31,0.036331218241042344,1228
2024-08-01,0.03768242973856209,1224
2024-08-02,0.0367454008097166,1235
2024-08-03,0.03655455518945634,1214
2024-08-04,0.03560401883701884,1221
2024-08-05,0.03678342624286878,1227
2024-08-06,0.03595530944625407,1228
2024-08-07,0.03448150980392157,1224
2024-08-08,0.03523228016194332,1235
2024-08-09,0.032871595141700405,1235
2024-08-10,0.03325111721311476,1220
2024-08-11,0.03251906568144499,1218
2024-08-12,0.03114203865131579,1216
2024-08-13,0.030554017199017198,1221
2024-08-14,0.032523021276595745,1222
2024-08-15,0.03325495,1220
2024-08-16,0.03536017213114754,1220
2024-08-17,0.03319784336356142,1213
2024-08-18,0.03281045596707819,1215
2024-08-19,0.032716472563472564,1221
2024-08-20,0.03334464150943396,1219
2024-08-21,0.034226433278418456,1214
2024-08-22,0.03498277567789647,1217
2024-08-23,0.03727463918367347,1225
2024-08-24,0.03818787181594084,1217
2024-08-25,0.03789193601312551,1219
2024-08-26,0.036988205400982,1222
2024-08-27,0.03890636161449753,1214
2024-08-28,0.036505657048639735,1213
2024-08-29,0.03420606710310965,1222
2024-08-30,0.033406350245499185,1222
2024-08-31,0.03364854224774405,1219
2024-09-01,0.03368541455437449,1223
2024-09-02,0.03240195809367297,1217
2024-09-03,0.033870577395577396,1221
2024-09-04,0.035415650406504066,1230
2024-09-05,0.0355017812244898,1225
2024-09-06,0.032842166802943586,1223
2024-09-07,0.03205092522596548,1217
2024-09-08,0.03266156332236842,1216
2024-09-09,0.0335369180999181,1221
2024-09-10,0.035166524938675385,1223
2024-09-11,0.03613855817737998,1229
2024-09-12,0.03781906661184211,1216
2024-09-13,0.03465757107843137,1224
2024-09-14,0.03452079245283019,1219
2024-09-15,0.032704572839506174,1215
2024-09-16,0.03215038683127572,1215
2024-09-17,0.03185427002477292,1211
2024-09-18,0.03215214979423868,1215
2024-09-19,0.03336647865353038,1218
2024-09-20,0.03396473142857143,1225
2024-09-21,0.03445431234668847,1223
2024-09-22,0.03173691468416735,1219
2024-09-23,0.029014253071253073,1221
2024-09-24,0.029747705930807247,1214
2024-09-25,0.029807967445742902,1198
2024-09-26,0.03065783207388749,1191
2024-09-27,0.0322102128922816,1179
2024-09-28,0.03187550382327953,1177
2024-09-29,0.029025707979626485,1178
2024-09-30,0.028632128248114,1193
2024-10-01,0.030116031007751936,1161
2024-10-02,0.032149975149957155,1167
2024-10-03,0.033974196229648666,1167
2024-10-04,0.03347154670094259,1167
2024-10-05,0.035668979363714534,1163
2024-10-06,0.034676736887360275,1163
2024-10-07,0.03212818126626193,1153
2024-10-08,0.03240704712041884,1146
2024-10-09,0.03425514561403509,1140
2024-10-10,0.032342927689594354,1134
2024-10-11,0.03581054577464789,1136
2024-10-12,0.035808541703248466,1139
2024-10-13,0.03560563333333333,1140
2024-10-14,0.029442993881118883,1144
2024-10-15,0.03023581260945709,1142
2024-10-16,0.027975410097431354,1129
2024-10-17,0.03017257320319432,1127
2024-10-18,0.030456265360641138,1123
2024-10-19,0.03112175177935943,1124
2024-10-20,0.03488821816562778,1123
2024-10-21,0.03597132386867791,1127
2024-10-22,0.03527438563829787,1128
2024-10-23,0.032681577973568285,1135
2024-10-24,0.030977500440528636,1135
2024-10-25,0.031060036283185842,1130
2024-10-26,0.03223646949602122,1131
2024-10-27,0.030961387610619468,1130
2024-10-28,0.03285472173144876,1132
2024-10-29,0.033779515583259125,1123
2024-10-30,0.03090285573476702,1116
2024-10-31,0.029580966101694917,1121
2024-11-01,0.02827579649122807,855
2024-11-02,0.02934997192982456,855
2024-11-03,0.029227012895662367,853
2024-11-04,0.026569880434782606,828
2024-11-05,0.027686861111111113,828
2024-11-06,0.025745969097651422,809
2024-11-07,0.023634467162329618,807
2024-11-08,0.025346684144818974,801
2024-11-09,0.025464733416770965,799
2024-11-10,0.02670964411027569,798
2024-11-11,0.027567853720050443,793
2024-11-12,0.02783778670012547,797
2024-11-13,0.026762487867177522,783
2024-11-14,0.025785360718870345,779
2024-11-15,0.028338408450704226,781
2024-11-16,0.029408865211810013,779
2024-11-17,0.027997317480719795,778
2024-11-18,0.02836388746803069,782
2024-11-19,0.026174921794871797,780
2024-11-20,0.026993489743589744,780
2024-11-21,0.024714301404853128,783
2024-11-22,0.022974946153846154,780
2024-11-23,0.026433537275064267,778
2024-11-24,0.026791541025641026,780
2024-11-25,0.0233144152866242,785
2024-11-26,0.02141058576874206,787
2024-11-27,0.022387392902408113,789
2024-11-28,0.024598434010152288,788
2024-11-29,0.02469853807106599,788
2024-11-30,0.02436266751592357,785
2024-12-01,0.024497310256410255,780
2024-12-02,0.022442893453145058,779
2024-12-03,0.0239040464516129,775
2024-12-04,0.024440785806451613,775
2024-12-05,0.02403956290531777,771
2024-12-06,0.024265824902723734,771
2024-12-07,0.02380027698309493,769
2024-12-08,0.024539054758800524,767
2024-12-09,0.024109324641460237,767
2024-12-10,0.022981123036649214,764
2024-12-11,0.024177930079155672,758
2024-12-12,0.027253633507853404,764
2024-12-13,0.026238418635170603,762
2024-12-14,0.0259937628458498,759
2024-12-15,0.02518995926412615,761
2024-12-16,0.023013262123197903,763
2024-12-17,0.02191395532194481,761
2024-12-18,0.022118667539267018,764
2024-12-19,0.021119870418848167,764
2024-12-20,0.022738859764089122,763
2024-12-21,0.02608805657894737,760
2024-12-22,0.025987517786561266,759
2024-12-23,0.02470346409574468,752
2024-12-24,0.024905368073878626,758
2024-12-25,0.025365259946949603,754
2024-12-26,0.023401985488126647,758
2024-12-27,0.02332361456953642,755
2024-12-28,0.022107480794701984,755
2024-12-29,0.027317512582781454,755
2024-12-30,0.026898887417218544,755
2024-12-31,0.027787933065595717,747
2025-01-01,0.025521766251728906,723
2025-01-02,0.02328958068965517,725
2025-01-03,0.02622127210884354,735
2025-01-04,0.028836089918256133,734
2025-01-05,0.02797334842249657,729
2025-01-06,0.027758214774281805,731
2025-01-07,0.029832365753424656,730
2025-01-08,0.028336598620689653,725
2025-01-09,0.02964561950549451,728
2025-01-10,0.028586449035812676,726
2025-01-11,0.029885413223140495,726
2025-01-12,0.027969407407407405,729
2025-01-13,0.02775204924760602,731
2025-01-14,0.027792738775510202,735
2025-01-15,0.02662506830601093,732
2025-01-16,0.0266652243502052,731
2025-01-17,0.030462129905277403,739
2025-01-18,0.02870506241519674,737
2025-01-19,0.030347295793758482,737
2025-01-20,0.03225809523809524,735
2025-01-21,0.0282578758526603,733
2025-01-22,0.027926282578875174,729
2025-01-23,0.028413218878248974,731
2025-01-24,0.0285119565807327,737
2025-01-25,0.03256881385869565,736
2025-01-26,0.02990532925170068,735
2025-01-27,0.029333840816326527,735
2025-01-28,0.028530564738292012,726
2025-01-29,0.028791534788540248,733
2025-01-30,0.028206343365253076,731
2025-01-31,0.027229232021709633,737
2025-02-01,0.031116390946502055,729
2025-02-02,0.029496668049792535,723
2025-02-03,0.02775981404958678,726
2025-02-04,0.02852507765667575,734
2025-02-05,0.026592648907103826,732
2025-02-06,0.025888506139154163,733
2025-02-07,0.02901370516304348,736
2025-02-08,0.028825417462482947,733
2025-02-09,0.029392746227709193,729
2025-02-10,0.028869032697547682,734
2025-02-11,0.029462251682368778,743
2025-02-12,0.028761249664429528,745
2025-02-13,0.031118752,750
2025-02-14,0.03154770345744681,752
2025-02-15,0.02881849933422104,751
2025-02-16,0.03107688251001335,749
2025-02-17,0.033209944000000005,750
2025-02-18,0.031082784031413613,764
2025-02-19,0.029537213820078227,767
2025-02-20,0.03141923938223939,777
2025-02-21,0.033075503816793896,786
2025-02-22,0.033504478260869566,782
2025-02-23,0.03399922564102564,780
2025-02-24,0.03430695907928389,782
2025-02-25,0.0335724262295082,793
2025-02-26,0.03542076325524044,811
2025-02-27,0.03453093909866017,821
2025-02-28,0.036776105069124425,1085
2025-03-01,0.03889699448022079,1087
2025-03-02,0.03713036497695852,1085
2025-03-03,0.0356984459833795,1083
2025-03-04,0.03682994746543779,1085
2025-03-05,0.03456308611111111,1080
2025-03-06,0.03516105936073059,1095
2025-03-07,0.03551708226691042,1094
2025-03-08,0.035126549862763035,1093
2025-03-09,0.03483874725274725,1092
2025-03-10,0.03759457456541629,1093
2025-03-11,0.04125065567765568,1092
2025-03-12,0.040446340639269406,1095
2025-03-13,0.04024548633879781,1098
2025-03-14,0.039851382727272726,1100
2025-03-15,0.03595295233730522,1091
2025-03-16,0.03390571021159154,1087
2025-03-17,0.03534470997255261,1093
2025-03-18,0.038211189655172416,1102
2025-03-19,0.03854324043715847,1098
2025-03-20,0.035178140000000004,1100
2025-03-21,0.03819294751381216,1086
2025-03-22,0.039510057354301575,1081
2025-03-23,0.037004291936978684,1079
2025-03-24,0.03395658743169398,1098
2025-03-25,0.0364134257064722,1097
2025-03-26,0.03626995920217588,1103
2025-03-27,0.039722209428830466,1103
2025-03-28,0.040724573622402886,1107
2025-03-29,0.03720343942133816,1106
2025-03-30,0.03356558244680851,1128
2025-03-31,0.03385262975778547,1156
2025-04-01,0.03600092844677138,1146
2025-04-02,0.03423414173913043,1150
2025-04-03,0.031804451443569554,1143
2025-04-04,0.03231608948740226,1151
2025-04-05,0.03430631881533101,1148
2025-04-06,0.03631266112084063,1142
2025-04-07,0.03630501567944251,1148
2025-04-08,0.03947328285465622,1149
2025-04-09,0.04167494425087108,1148
2025-04-10,0.04178375940507437,1143
2025-04-11,0.04009560262008734,1145
2025-04-12,0.04222773619631902,1141
2025-04-13,0.04240040789473684,1140
2025-04-14,0.042203781578947365,1140
2025-04-15,0.03879181085814361,1142
2025-04-16,0.040738829396325456,1143
2025-04-17,0.04184983727034121,1143
2025-04-18,0.041839718777292575,1145
2025-04-19,0.037216534497816596,1145
2025-04-20,0.03786880105170903,1141
2025-04-21,0.03791367223198594,1138
2025-04-22,0.03970418437225637,1139
2025-04-23,0.040033585451358454,1141
2025-04-24,0.039878258936355715,1147
2025-04-25,0.03630394415357766,1146
2025-04-26,0.0357693052631579,1140
2025-04-27,0.03660207368421052,1140
2025-04-28,0.03829292475940507,1143
2025-04-29,0.0371501850877193,1140
2025-04-30,0.0357176079447323,1158
2025-05-01,0.03809545517241379,1160
2025-05-02,0.03766721570319241,1159
2025-05-03,0.035816216076058775,1157
2025-05-04,0.034336985255854297,1153
2025-05-05,0.03426693965517241,1160
2025-05-06,0.03431011197243756,1161
2025-05-07,0.035114995678478825,1157
2025-05-08,0.037010744607420196,1159
2025-05-09,0.038243798109965636,1164
2025-05-10,0.041460515934539185,1161
2025-05-11,0.04243691113028473,1159
2025-05-12,0.041185871662360034,1161
2025-05-13,0.03900281433506045,1158
2025-05-14,0.03792287619047619,1155
2025-05-15,0.03702430404823428,1161
2025-05-16,0.03719841450777202,1158
2025-05-17,0.03498538773747841,1158
2025-05-18,0.03245602508650519,1156
2025-05-19,0.032747382480485684,1153
2025-05-20,0.033364731707317075,1148
2025-05-21,0.03452453698868581,1149
2025-05-22,0.034935333911535124,1153
2025-05-23,0.03466749004329004,1155
2025-05-24,0.033686662608695656,1150
2025-05-25,0.033676369244135536,1151
2025-05-26,0.034478548387096776,1147
2025-05-27,0.03438091515151515,1155
2025-05-28,0.03228374199134199,1155
2025-05-29,0.033607383088869715,1159
2025-05-30,0.03868566148531952,1158
2025-05-31,0.03920740448430493,1115
2025-06-01,0.03724459658580413,1113
2025-06-02,0.04065458026905829,1115
2025-06-03,0.04111445732255166,1113
2025-06-04,0.038995863921217545,1117
2025-06-05,0.036124719928186715,1114
2025-06-06,0.03567481468218442,1117
2025-06-07,0.035452828391734054,1113
2025-06-08,0.03499370837083709,1111
2025-06-09,0.03366977688172043,1116
2025-06-10,0.035227636526410026,1117
2025-06-11,0.04125835778175313,1118
2025-06-12,0.03874659732142857,1120
2025-06-13,0.0334863270609319,1116
2025-06-14,0.031816221922731355,1113
2025-06-15,0.03208289108910891,1111
2025-06-16,0.033429776777677764,1111
2025-06-17,0.03176013938848921,1112
2025-06-18,0.03284825225225225,1110
2025-06-19,0.03705217631103074,1106
2025-06-20,0.03760628726287263,1107
2025-06-21,0.035837046237534,1103
2025-06-22,0.03137293795620438,1096
2025-06-23,0.03345484448462929,1106
2025-06-24,0.03445405989110707,1102
2025-06-25,0.03520796742081448,1105
2025-06-26,0.03522039385727191,1107
2025-06-27,0.034005453153153155,1110
2025-06-28,0.033727421480144404,1108
2025-06-29,0.03341957259528131,1102
2025-06-30,0.03546426978417266,1112
2025-07-01,0.03508509068010076,794
2025-07-02,0.03542428391959799,796
2025-07-03,0.035733429109159345,797
2025-07-04,0.035008300628930816,795
2025-07-05,0.03700077049180328,793
2025-07-06,0.0335317835443038,790
2025-07-07,0.03058409746835443,790
2025-07-08,0.03252187610619469,791
2025-07-09,0.033252957016434895,791
2025-07-10,0.03420378085642317,794
2025-07-11,0.0350915944931164,799
2025-07-12,0.03315864186633039,793
2025-07-13,0.03255528607594937,790
2025-07-14,0.03339960075566751,794
2025-07-15,0.034584487468671675,798
2025-07-16,0.032175255319148936,799
2025-07-17,0.03138683165829145,796
2025-07-18,0.031204764115432874,797
2025-07-19,0.03198212216624685,794
2025-07-20,0.030577959697732998,794
2025-07-21,0.03033572271016311,797
2025-07-22,0.03243617506297229,794
2025-07-23,0.03540140379746835,790
2025-07-24,0.03470368969849246,796
2025-07-25,0.032947452830188684,795
2025-07-26,0.03163601133501259,794
2025-07-27,0.029419651074589128,791
2025-07-28,0.031092163705583757,788
2025-07-29,0.03432995050761421,788
2025-07-30,0.03524693164556962,790
2025-07-31,0.03347216770963705,799
2025-08-01,0.03148358436213992,729
2025-08-02,0.0317101975308642,729
2025-08-03,0.0343552304526749,729
2025-08-04,0.03542351025991792,731
2025-08-05,0.03526217534246576,730
2025-08-06,0.03425088098495212,731
2025-08-07,0.03363071174863388,732
2025-08-08,0.03377766666666667,729
2025-08-09,0.03361736225895317,726
2025-08-10,0.033076259615384615,728
2025-08-11,0.03195275482093664,726
2025-08-12,0.03169337465564738,726
2025-08-13,0.029989987586206895,725
2025-08-14,0.031142095041322315,726
2025-08-15,0.03226796413793103,725
2025-08-16,0.03153319778699862,723
2025-08-17,0.030447744121715078,723
2025-08-18,0.031311549100968186,723
2025-08-19,0.03143075720164609,729
2025-08-20,0.03177715448275862,725
2025-08-21,0.03178538736263736,728
2025-08-22,0.03240258082191781,730
2025-08-23,0.03351982602739726,730
2025-08-24,0.030910486263736263,728
2025-08-25,0.031087397260273972,730
2025-08-26,0.030164093406593408,728
2025-08-27,0.031934872077028886,727
2025-08-28,0.032314891034482755,725
2025-08-29,0.030476486968449935,729
2025-08-30,0.030827523415977963,726
2025-08-31,0.03317909917355372,726
2025-09-01,0.03302029704797048,542
2025-09-02,0.033567289377289374,546
2025-09-03,0.03550489357798165,545
2025-09-04,0.03280419485294118,544
2025-09-05,0.03130781617647059,544
2025-09-06,0.028819591911764707,544
2025-09-07,0.02870759594095941,542
2025-09-08,0.030635362292051754,541
2025-09-09,0.03255470955882353,544
2025-09-10,0.033322473394495414,545
2025-09-11,0.03625526335174954,543
2025-09-12,0.03776326007326007,546
2025-09-13,0.03764428937728938,546
2025-09-14,0.039646047706422015,545
2025-09-15,0.03876748440366972,545
2025-09-16,0.03702080586080586,546
2025-09-17,0.03498911496350365,548
2025-09-18,0.03707576,575
2025-09-19,0.035663162303664925,573
2025-09-20,0.03509565034965035,572
2025-09-21,0.03381091258741259,572
2025-09-22,0.030515676007005256,571
2025-09-23,0.029615713286713287,572
2025-09-24,0.028081019197207676,573
2025-09-25,0.028261766550522645,574
2025-09-26,0.030248804195804196,572
2025-09-27,0.03299775174825175,572
2025-09-28,0.03331965734265734,572
2025-09-29,0.03407902105263158,570
2025-09-30,0.03878072807017544,570
2025-10-01,0.03262201492537313,134
2025-10-02,0.0327910223880597,134
2025-10-03,0.03606378358208955,134
2025-10-04,0.03900548507462687,134
2025-10-05,0.03549861194029851,134
2025-10-06,0.028971225563909773,133
2025-10-07,0.024667887218045113,133
2025-10-08,0.026213390977443612,133
2025-10-09,0.027225423076923078,130
2025-10-10,0.028531121212121213,132
2025-10-11,0.026720431818181817,132
2025-10-12,0.030340378787878788,132
2025-10-13,0.027030083333333333,132
2025-10-14,0.024629681818181818,132
2025-10-15,0.02506872868217054,129
2025-10-16,0.028348377952755906,127
2025-10-17,0.030160563492063492,126
2025-10-18,0.03306669047619047,126
2025-10-19,0.030061809523809522,126
2025-10-20,0.027296238095238096,126
2025-10-21,0.026468825396825397,126
2025-10-22,0.02141520634920635,126
2025-10-23,0.019682936507936507,126
2025-10-24,0.020385603174603174,126
2025-10-25,0.02095223015873016,126
2025-10-26,0.026636031746031744,126
2025-10-27,0.027619031746031746,126
2025-10-28,0.02369061904761905,126
2025-10-29,0.021001094488188977,127
2025-10-30,0.022616808,125
2025-10-31,0.028674664,125
