date,pm25,pm25_n_stations
2022-09-25,6.105620111208792,2275
2022-09-26,5.535372349611543,2703
2022-09-27,5.329798308888889,2250
2022-09-28,4.852062315222272,2227
2022-09-29,5.056905199444885,2522
2022-09-30,5.998141066756273,2232
2022-10-01,5.709677533392698,2246
2022-10-02,5.346266239081325,2656
2022-10-03,5.664890256660746,2252
2022-10-04,6.399911582819383,2270
2022-10-05,7.312888189715621,2567
2022-10-06,8.085100226497595,2287
2022-10-07,7.870594714098647,2291
2022-10-08,6.677687946980854,2716
2022-10-09,7.597313193306913,2271
2022-10-10,8.635910586161303,2269
2022-10-11,9.154035618955513,2585
2022-10-12,8.99819636695652,2300
2022-10-13,7.113343119286025,2297
2022-10-14,7.175705626202813,2702
2022-10-15,7.422825464690497,2294
2022-10-16,7.687299554148472,2290
2022-10-17,6.445457505430566,2578
2022-10-18,5.595463352915388,2281
2022-10-19,6.1993175453752185,2292
2022-10-20,8.285043914473684,2736
2022-10-21,9.542824936521738,2300
2022-10-22,10.598544772687609,2292
2022-10-23,8.75300972066822,2574
2022-10-24,7.429825680439561,2275
2022-10-25,6.870859592756184,2264
2022-10-26,5.692806639035418,2654
2022-10-27,5.712361204605846,2258
2022-10-28,7.270343354157501,2273
2022-10-29,9.179731127145086,2564
2022-10-30,9.938829701986755,2265
2022-10-31,9.555440887908208,2266
2022-11-01,9.672092331254586,2726
2022-11-02,10.083086250000001,2300
2022-11-03,9.68768287587108,2296
2022-11-04,8.278864048536208,2596
2022-11-05,5.764756366754618,2274
2022-11-06,5.8513763819383255,2270
2022-11-07,5.52113306366344,2686
2022-11-08,5.731556861220905,2277
2022-11-09,7.612548683421517,2268
2022-11-10,8.180152790089739,2563
2022-11-11,6.599426779307282,2252
2022-11-12,6.56254517316209,2258
2022-11-13,5.678556674685418,2702
2022-11-14,6.8127273529411765,2261
2022-11-15,7.905905030701754,2280
2022-11-16,7.633582414984472,2576
2022-11-17,8.045826165433173,2297
2022-11-18,7.796591459353147,2288
2022-11-19,7.686572913986536,2674
2022-11-20,7.548937745245467,2261
2022-11-21,9.015607477876106,2260
2022-11-22,11.635332169465052,2561
2022-11-23,13.021140492994746,2284
2022-11-24,12.20569869190372,2285
2022-11-25,9.303434531883523,2713
2022-11-26,8.695693909850483,2274
2022-11-27,7.314592575209528,2267
2022-11-28,6.640474364170913,2551
2022-11-29,7.557805046470846,2281
2022-11-30,5.706256527704485,2274
2022-12-01,5.733088662829559,2693
2022-12-02,6.788724376583661,2289
2022-12-03,6.618671609574,2277
2022-12-04,7.372897848140901,2555
2022-12-05,8.604932482378855,2270
2022-12-06,9.05536059815951,2282
2022-12-07,10.576929985390796,2738
2022-12-08,9.498231018760908,2292
2022-12-09,8.633152311072058,2276
2022-12-10,8.585613617990653,2568
2022-12-11,8.325168686369652,2267
2022-12-12,7.400816600087797,2278
2022-12-13,7.7678921139474655,2703
2022-12-14,7.233967526477024,2285
2022-12-15,6.097323139894086,2266
2022-12-16,6.387889445919563,2561
2022-12-17,7.045139507746791,2259
2022-12-18,7.838901471213463,2258
2022-12-19,8.660375455187802,2689
2022-12-20,10.232294655157343,2288
2022-12-21,11.733773819886611,2293
2022-12-22,9.474490606767795,2571
2022-12-23,6.99449678785172,2239
2022-12-24,7.503695911091154,2227
2022-12-25,7.22912107496136,2588
2022-12-26,7.712678924350939,2234
2022-12-27,8.947713647925033,2241
2022-12-28,9.642365030672435,2543
2022-12-29,9.46361835437527,2297
2022-12-30,9.681892734586794,2287
2022-12-31,9.362049381939304,2702
2023-01-01,9.926951508112724,2342
2023-01-02,9.783815358876117,2349
2023-01-03,7.810183489312977,2620
2023-01-04,6.219360451089278,2341
2023-01-05,5.998152253610876,2354
2023-01-06,7.573970228280625,2751
2023-01-07,8.70438334393554,2358
2023-01-08,9.343575355156183,2337
2023-01-09,10.509650344537814,2618
2023-01-10,11.010335230114846,2351
2023-01-11,12.42932460109983,2364
2023-01-12,9.137339097006853,2773
2023-01-13,5.7554975757832345,2362
2023-01-14,6.387588140631578,2375
2023-01-15,6.729889170196672,2644
2023-01-16,7.041902378987664,2351
2023-01-17,7.886419220475786,2354
2023-01-18,7.284367084548105,2744
2023-01-19,5.95909931896916,2367
2023-01-20,5.371933911553111,2363
2023-01-21,6.938884816057294,2653
2023-01-22,8.265722022024566,2361
2023-01-23,7.178016183932347,2365
2023-01-24,8.904806561850126,2789
2023-01-25,8.08559278424801,2387
2023-01-26,6.31468930886076,2370
2023-01-27,6.503646470211162,2652
2023-01-28,7.228792642228738,2387
2023-01-29,7.34098722231579,2375
2023-01-30,7.002221611713666,2766
2023-01-31,7.055577408579758,2401
2023-02-01,9.128145539108495,2378
2023-02-02,10.176039299394398,2642
2023-02-03,7.056144086827615,2361
2023-02-04,7.51150082382763,2367
2023-02-05,7.787181315431436,2793
2023-02-06,8.770678739075095,2357
2023-02-07,8.356346387083159,2369
2023-02-08,10.442705575471697,2650
2023-02-09,9.022899946644435,2399
2023-02-10,6.293776770191507,2402
2023-02-11,6.458262217594255,2785
2023-02-12,7.921782274247492,2392
2023-02-13,6.9841006428869425,2397
2023-02-14,7.067800524467688,2677
2023-02-15,6.3828411614238405,2416
2023-02-16,7.163415564710779,2403
2023-02-17,5.515539400993613,2818
2023-02-18,6.507289987126246,2408
2023-02-19,7.379644189883915,2412
2023-02-20,8.238302270825551,2677
2023-02-21,7.4452329075,2400
2023-02-22,6.793662249373433,2394
2023-02-23,6.712913801441442,2775
2023-02-24,6.063796997926172,2411
2023-02-25,7.922832961124897,2418
2023-02-26,9.893982594154643,2703
2023-02-27,8.362040103491273,2406
2023-02-28,7.354038021285475,2396
2023-03-01,9.037734836318052,2792
2023-03-02,8.071696536371237,2392
2023-03-03,7.947438848914858,2396
2023-03-04,7.09686658424015,2665
2023-03-05,7.411095890290039,2379
2023-03-06,7.553305748525696,2374
2023-03-07,6.645198215785663,2762
2023-03-08,6.219731475553698,2393
2023-03-09,6.7912623696287024,2397
2023-03-10,6.406002713323353,2672
2023-03-11,5.385386897608057,2383
2023-03-12,5.963549290824917,2376
2023-03-13,5.523601360902256,2793
2023-03-14,5.103225936967632,2348
2023-03-15,6.6775352743928424,2347
2023-03-16,8.255766773805043,2657
2023-03-17,7.840953071398571,2381
2023-03-18,5.365006180520571,2382
2023-03-19,4.968022470036101,2770
2023-03-20,6.87712402190396,2374
2023-03-21,8.56352479832636,2390
2023-03-22,9.572058329583802,2667
2023-03-23,9.238116226090604,2384
2023-03-24,7.024059424217119,2395
2023-03-25,5.914381115617218,2811
2023-03-26,6.4616606508403365,2380
2023-03-27,6.838516066999583,2403
2023-03-28,7.052127407380074,2710
2023-03-29,7.294503737597376,2439
2023-03-30,7.567488239390195,2427
2023-03-31,7.9191806893480585,2807
2023-04-01,6.0559346668048075,2413
2023-04-02,5.294056115255658,2386
2023-04-03,6.545205770244821,2655
2023-04-04,8.352369941394965,2423
2023-04-05,7.216688140307181,2409
2023-04-06,6.0121643520678685,2829
2023-04-07,5.4738484956701035,2425
2023-04-08,5.613629283471075,2420
2023-04-09,6.749785700336701,2673
2023-04-10,7.452126563204006,2397
2023-04-11,8.113479060330578,2420
2023-04-12,8.37137441534111,2829
2023-04-13,8.916980428512904,2441
2023-04-14,9.310299531071138,2446
2023-04-15,7.762639439692982,2736
2023-04-16,6.020115759934453,2441
2023-04-17,5.187660244453575,2434
2023-04-18,6.5659387506095435,2871
2023-04-19,7.660030197788697,2442
2023-04-20,8.670700550286181,2446
2023-04-21,7.355317344026549,2712
2023-04-22,5.907969760609807,2427
2023-04-23,5.34356531763734,2421
2023-04-24,6.392912807267545,2807
2023-04-25,7.822105384266886,2428
2023-04-26,8.419308147736626,2430
2023-04-27,8.045959093239228,2692
2023-04-28,7.469590588669951,2436
2023-04-29,6.445367752052545,2436
2023-04-30,4.790516326638477,2838
2023-05-01,4.426330493592394,2419
2023-05-02,4.339721951907131,2412
2023-05-03,4.60348374990751,2703
2023-05-04,5.635253805088223,2437
2023-05-05,6.231419012715341,2438
2023-05-06,6.910205134676564,2829
2023-05-07,6.9895518880197605,2429
2023-05-08,6.435161276386037,2435
2023-05-09,6.622981179733727,2704
2023-05-10,7.026916533086725,2433
2023-05-11,9.144761620107127,2427
2023-05-12,10.266708241246498,2856
2023-05-13,9.239633310118803,2441
2023-05-14,7.399339713638237,2427
2023-05-15,7.015264044172235,2694
2023-05-16,8.047338952556238,2445
2023-05-17,7.596075986928105,2448
2023-05-18,9.545877329109468,2841
2023-05-19,10.981954226407451,2469
2023-05-20,10.414603377804976,2451
2023-05-21,10.90322740832106,2716
2023-05-22,11.875217657282743,2451
2023-05-23,11.92219340862841,2457
2023-05-24,10.807368844087897,2867
2023-05-25,7.399435891825945,2459
2023-05-26,7.109856876022913,2444
2023-05-27,7.050785418329637,2706
2023-05-28,7.224364196054255,2433
2023-05-29,7.632866522134878,2417
2023-05-30,8.645351035112862,2791
2023-05-31,9.208431082135524,2435
2023-06-01,10.22272518647541,2440
2023-06-02,10.790910059970567,2718
2023-06-03,10.841078389413212,2437
2023-06-04,10.963513645721372,2419
2023-06-05,12.91020416143814,2837
2023-06-06,19.481366008571428,2450
2023-06-07,18.08589334262295,2440
2023-06-08,17.42890920228867,2709
2023-06-09,14.845054901960784,2448
2023-06-10,13.841592036065574,2440
2023-06-11,11.749950912424351,2809
2023-06-12,9.473439952085915,2421
2023-06-13,8.908993907263028,2437
2023-06-14,10.291131644469107,2703
2023-06-15,11.301768685457516,2448
2023-06-16,12.474679072156542,2453
2023-06-17,16.019251811103352,2864
2023-06-18,13.931107451294697,2433
2023-06-19,11.62311062355372,2420
2023-06-20,10.865852501124438,2668
2023-06-21,9.372619775216137,2429
2023-06-22,7.76904320306038,2418
2023-06-23,8.383410008282318,2777
2023-06-24,8.962271084583334,2400
2023-06-25,8.692486378705636,2395
2023-06-26,10.721370139173304,2637
2023-06-27,15.688653126341865,2422
2023-06-28,19.499626390961858,2412
2023-06-29,21.150337238212526,2842
2023-06-30,18.165050197188922,2419
2023-07-01,14.217305490549828,2328
2023-07-02,10.611865374464772,2569
2023-07-03,8.917740436123347,2270
2023-07-04,11.917090630890053,2292
2023-07-05,11.24589585995458,2642
2023-07-06,8.018694801503095,2262
2023-07-07,7.441219203646065,2249
2023-07-08,7.188974596191986,2521
2023-07-09,6.690309838294092,2251
2023-07-10,7.172908455615942,2208
2023-07-11,7.916141145552561,2597
2023-07-12,8.470470956900504,2181
2023-07-13,8.05840357827476,2191
2023-07-14,8.678416308261404,2433
2023-07-15,11.238027547761883,2167
2023-07-16,13.890094593503479,2155
2023-07-17,17.807892384615386,2509
2023-07-18,14.76995471197411,2163
2023-07-19,11.918902556734318,2168
2023-07-20,10.671418304098362,2440
2023-07-21,9.076801484521575,2132
2023-07-22,8.884499328651685,2136
2023-07-23,10.538103121200159,2533
2023-07-24,11.614759691553896,2143
2023-07-25,12.950975976851852,2160
2023-07-26,12.929196667220607,2407
2023-07-27,11.672861413023256,2150
2023-07-28,10.433321774268464,2153
2023-07-29,8.050076157080523,2521
2023-07-30,6.921853259552656,2146
2023-07-31,7.920560579878901,2147
2023-08-01,8.21712081550916,2347
2023-08-02,8.759833661736641,2096
2023-08-03,9.145188698473284,2096
2023-08-04,10.142912241819634,2506
2023-08-05,10.919670027619047,2100
2023-08-06,9.761692056829034,2094
2023-08-07,8.69591468992248,2322
2023-08-08,8.612425688792689,2079
2023-08-09,9.062996062709429,2089
2023-08-10,7.891446305229024,2467
2023-08-11,7.242755698193916,2104
2023-08-12,6.581125155049787,2109
2023-08-13,5.876765276766822,2363
2023-08-14,6.1375589698275865,2088
2023-08-15,6.735411854066986,2090
2023-08-16,7.798333224220623,2502
2023-08-17,8.88053503030303,2079
2023-08-18,10.076693284074604,2091
2023-08-19,10.945208183354456,2367
2023-08-20,12.488808433908046,2088
2023-08-21,13.080519807025986,2078
2023-08-22,11.914011823625923,2438
2023-08-23,11.399122701644101,2068
2023-08-24,10.999333846004843,2065
2023-08-25,10.290312060034305,2332
2023-08-26,8.840259436345967,2058
2023-08-27,8.37946899609375,2048
2023-08-28,8.54600998243464,2448
2023-08-29,9.588024535314174,2053
2023-08-30,9.516684617308654,1999
2023-08-31,8.151450572743208,2282
2023-09-01,7.59857186159844,2052
2023-09-02,7.506303359747205,2057
2023-09-03,8.441578486564696,2419
2023-09-04,8.64000523884257,2039
2023-09-05,9.442286567992145,2037
2023-09-06,11.257736684919601,2301
2023-09-07,10.193295980392156,2040
2023-09-08,8.332318733040509,2049
2023-09-09,7.902757655144368,2459
2023-09-10,7.558951466405101,2039
2023-09-11,7.1974071021611,2036
2023-09-12,6.6536400707201375,2319
2023-09-13,6.427964108451393,2047
2023-09-14,6.662754282226563,2048
2023-09-15,7.387271843338816,2432
2023-09-16,8.463617989320388,2060
2023-09-17,7.915882898288508,2045
2023-09-18,7.739467585620914,2295
2023-09-19,8.386751530185004,2054
2023-09-20,9.967789813352827,2052
2023-09-21,10.065660045528455,2460
2023-09-22,9.849114584023381,2053
2023-09-23,8.569773393049436,2043
2023-09-24,7.464492027062419,2291
2023-09-25,6.962957734683794,2024
2023-09-26,6.940438463209876,2025
2023-09-27,6.612852661009934,2416
2023-09-28,7.243211890255906,2032
2023-09-29,7.224908009485771,2003
2023-09-30,8.013463864263462,2247
2023-10-01,8.161200576092416,1991
2023-10-02,8.072980645648776,1919
2023-10-03,9.836390401873137,2349
2023-10-04,9.59057546094553,1946
2023-10-05,7.77662545948718,1950
2023-10-06,6.144296523063144,2233
2023-10-07,5.0442355386981035,1951
2023-10-08,4.759695519319939,1941
2023-10-09,5.200145555987894,2313
2023-10-10,5.8646050567595465,1938
2023-10-11,6.630341378142638,1949
2023-10-12,6.426979729043952,2207
2023-10-13,5.537285062821833,1942
2023-10-14,4.634315205287714,1929
2023-10-15,3.868197888793841,2338
2023-10-16,4.360952187306501,1938
2023-10-17,5.834567217547461,1949
2023-10-18,7.083731793679458,2215
2023-10-19,7.891561534907598,1948
2023-10-20,6.910001446437724,1951
2023-10-21,5.781040290239726,2336
2023-10-22,5.255733383979328,1935
2023-10-23,6.014641646090535,1944
2023-10-24,7.510089590579711,2208
2023-10-25,7.395002021505376,1953
2023-10-26,7.2534172456765,1966
2023-10-27,7.782495304857621,2388
2023-10-28,7.156799847278226,1984
2023-10-29,6.314206654628688,1966
2023-10-30,5.903722731981982,2220
2023-10-31,6.444841915262889,1959
2023-11-01,7.289120120145002,1931
2023-11-02,8.079183494362534,2306
2023-11-03,9.025171415933782,1933
2023-11-04,11.07006005598756,1929
2023-11-05,11.968659127718649,2161
2023-11-06,9.116843665621735,1914
2023-11-07,8.395714552277433,1932
2023-11-08,7.187989895752896,2331
2023-11-09,7.728439450155763,1926
2023-11-10,7.073219741200828,1932
2023-11-11,7.34804192166743,2183
2023-11-12,7.404685938860104,1930
2023-11-13,7.987728323819408,1927
2023-11-14,7.7495282655021835,2290
2023-11-15,8.676014605729167,1920
2023-11-16,9.560541055089192,1906
2023-11-17,8.263623674515236,2166
2023-11-18,6.96429548002103,1902
2023-11-19,7.335979961276818,1911
2023-11-20,6.070825996512641,2294
2023-11-21,5.917522162232655,1917
2023-11-22,6.100966357255107,1909
2023-11-23,7.217290877936435,2171
2023-11-24,6.598764878228782,1897
2023-11-25,7.603559116217644,1893
2023-11-26,8.465567316866935,2247
2023-11-27,6.42584760782241,1892
2023-11-28,7.215258889717634,1877
2023-11-29,8.926705666038625,2123
2023-11-30,9.884462388473853,1874
2023-12-01,9.16615170386266,1864
2023-12-02,9.019445510778707,2273
2023-12-03,6.845865018766756,1865
2023-12-04,6.62448288847185,1865
2023-12-05,7.5168215719000475,2121
2023-12-06,7.044390798395722,1870
2023-12-07,7.215433448628295,1859
2023-12-08,8.080528057168378,2239
2023-12-09,7.672266379644587,1857
2023-12-10,6.204049067787419,1844
2023-12-11,6.048991403625955,2096
2023-12-12,7.193177602996255,1869
2023-12-13,8.139210113685346,1856
2023-12-14,9.572988150220263,2270
2023-12-15,10.613645272775706,1877
2023-12-16,10.026015997857526,1867
2023-12-17,8.114815460992908,2115
2023-12-18,6.309792652362846,1841
2023-12-19,5.648027385157096,1846
2023-12-20,7.137163999999999,2218
2023-12-21,9.1245191808,1875
2023-12-22,10.331017428875866,1877
2023-12-23,10.207158026365349,2124
2023-12-24,10.14667510979548,1858
2023-12-25,8.903389190579318,1847
2023-12-26,7.0713413114901265,2228
2023-12-27,7.135727155759871,1849
2023-12-28,6.489745047282608,1840
2023-12-29,6.461660055528961,2089
2023-12-30,6.495702052545156,1827
2023-12-31,8.528852060043668,1832
2024-01-01,9.712027612068965,2204
2024-01-02,7.379955214783075,1867
2024-01-03,8.215231836712913,1874
2024-01-04,6.8354375902484765,2133
2024-01-05,7.667902422245651,1897
2024-01-06,8.569409669846317,1887
2024-01-07,6.604918685512367,2264
2024-01-08,6.71368094208289,1882
2024-01-09,5.337695901340482,1865
2024-01-10,4.899399352548833,2099
2024-01-11,6.1033371910052905,1890
2024-01-12,6.378190244291025,1883
2024-01-13,5.346433291327914,2214
2024-01-14,5.800067346502937,1873
2024-01-15,6.519686101340482,1865
2024-01-16,7.270110421256039,2070
2024-01-17,6.920676716729022,1871
2024-01-18,8.057388060094887,1897
2024-01-19,8.73570423270163,2269
2024-01-20,6.780971987856389,1894
2024-01-21,6.749481983545648,1884
2024-01-22,7.9927118822971055,2107
2024-01-23,9.134269969505784,1902
2024-01-24,8.452740265066666,1875
2024-01-25,6.8426715401624545,2216
2024-01-26,5.5478011347780125,1892
2024-01-27,5.6229661788747345,1884
2024-01-28,4.936858867264998,2117
2024-01-29,5.836814538133334,1875
2024-01-30,6.70397068644958,1904
2024-01-31,6.928146100440529,2270
2024-02-01,7.56755062993763,1924
2024-02-02,7.117188733090531,1922
2024-02-03,6.851460107276119,2144
2024-02-04,6.590084502914679,1887
2024-02-05,5.964616705385428,1894
2024-02-06,7.094530465716829,2246
2024-02-07,7.674622899843505,1917
2024-02-08,7.594618933681462,1915
2024-02-09,7.545450460111317,2156
2024-02-10,7.7626876811746195,1907
2024-02-11,6.269880293901157,1902
2024-02-12,6.789890655293089,2286
2024-02-13,6.110211699165798,1918
2024-02-14,5.6501032513089005,1910
2024-02-15,5.928469563745944,2157
2024-02-16,5.985179258233141,1913
2024-02-17,5.5653947537978,1909
2024-02-18,5.477251185218165,2246
2024-02-19,6.782308728134878,1898
2024-02-20,8.284961057894737,1900
2024-02-21,9.13378264634714,2149
2024-02-22,10.281533236162362,1897
2024-02-23,7.905951353002611,1915
2024-02-24,5.789429122120817,2301
2024-02-25,6.340241152872957,1897
2024-02-26,8.635540493690852,1902
2024-02-27,9.836576162325581,2150
2024-02-28,6.486628523408732,1901
2024-02-29,4.681317572708114,1898
2024-03-01,6.1030138735529835,2246
2024-03-02,7.034030478740157,1905
2024-03-03,6.145868020602219,1893
2024-03-04,5.899662199812383,2132
2024-03-05,5.4090856731681605,1897
2024-03-06,5.636881199154781,1893
2024-03-07,4.955152644580957,2279
2024-03-08,5.3067562426004224,1892
2024-03-09,4.380577252648305,1888
2024-03-10,3.582883847713343,2121
2024-03-11,4.249325378723404,1880
2024-03-12,6.0155711330858965,1886
2024-03-13,8.67094876114082,2244
2024-03-14,9.114966774655354,1886
2024-03-15,6.892909737739872,1876
2024-03-16,5.337319226799242,2112
2024-03-17,4.375740297441364,1876
2024-03-18,4.353202368589743,1872
2024-03-19,5.246824405656209,2263
2024-03-20,6.238293402452025,1876
2024-03-21,6.188627828510183,1866
2024-03-22,7.283367083017078,2108
2024-03-23,5.986151064136825,1871
2024-03-24,5.485663519913886,1858
2024-03-25,5.5979446366501575,2221
2024-03-26,4.888645357788411,1881
2024-03-27,5.197722476645436,1884
2024-03-28,6.207526640486209,2139
2024-03-29,6.029265894154818,1899
2024-03-30,6.477000680783483,1889
2024-03-31,6.9688522537777775,2250
2024-04-01,7.616170051009565,1882
2024-04-02,6.23086519554849,1887
2024-04-03,3.696560762552792,2131
2024-04-04,3.6459178641909813,1885
2024-04-05,4.31196799841605,1894
2024-04-06,4.420028624326751,2228
2024-04-07,4.919345435638298,1880
2024-04-08,6.460884372611464,1884
2024-04-09,7.0982390548266165,2134
2024-04-10,6.807090390089615,1897
2024-04-11,5.949572911052631,1900
2024-04-12,4.772399058643327,2285
2024-04-13,4.695181719621252,1901
2024-04-14,5.445260336675462,1895
2024-04-15,6.530347207906977,2150
2024-04-16,6.609207424843424,1916
2024-04-17,6.991399529166667,1920
2024-04-18,6.586607768788683,2262
2024-04-19,6.2936924929724105,1921
2024-04-20,5.740160984301413,1911
2024-04-21,4.864707549001393,2153
2024-04-22,5.880810417714885,1908
2024-04-23,6.07445350522466,1914
2024-04-24,6.2389429276688455,2295
2024-04-25,6.390429768426555,1913
2024-04-26,6.530490292452829,1908
2024-04-27,7.0640898516968855,2151
2024-04-28,6.691305448785639,1894
2024-04-29,6.749037193736731,1884
2024-04-30,6.205223078431373,2244
2024-05-01,5.91229257631579,1900
2024-05-02,6.333643105429625,1897
2024-05-03,6.165236075708314,2153
2024-05-04,5.5375105347368425,1900
2024-05-05,4.697279526288118,1902
2024-05-06,5.591498483289358,2274
2024-05-07,6.265434217185029,1897
2024-05-08,7.00239748444913,1897
2024-05-09,5.972260727399814,2146
2024-05-10,5.195169008394544,1906
2024-05-11,5.305939252109704,1896
2024-05-12,7.157365456405694,2248
2024-05-13,8.028394689509753,1897
2024-05-14,7.196872355718782,1906
2024-05-15,6.97428241651206,2156
2024-05-16,6.827662221870047,1893
2024-05-17,6.715556109814323,1885
2024-05-18,6.905915977934686,2266
2024-05-19,6.635772467802022,1879
2024-05-20,7.230414747608926,1882
2024-05-21,8.14600052443609,2128
2024-05-22,7.416939380126183,1902
2024-05-23,7.469231133507853,1910
2024-05-24,7.656350305481873,2262
2024-05-25,7.173588121607516,1916
2024-05-26,7.778583488445379,1904
2024-05-27,6.82942550917647,2125
2024-05-28,5.742453914691943,1899
2024-05-29,5.274394886149003,1906
2024-05-30,5.767146429439861,2303
2024-05-31,6.284799419766206,1882
2024-06-01,6.853353517350158,1902
2024-06-02,6.826418577266322,2129
2024-06-03,7.0897432652631585,1900
2024-06-04,7.643406954497908,1912
2024-06-05,7.024167060471321,2249
2024-06-06,6.6673717841501565,1918
2024-06-07,6.372992700313808,1912
2024-06-08,6.02820603538175,2148
2024-06-09,5.67693627168234,1914
2024-06-10,5.505778832288401,1914
2024-06-11,6.387076728024369,2298
2024-06-12,7.189412660910518,1911
2024-06-13,8.271275091147198,1909
2024-06-14,8.454467660631384,2154
2024-06-15,7.5440854319126815,1924
2024-06-16,8.428189405109489,1918
2024-06-17,8.982152223748338,2257
2024-06-18,7.819324737089202,1917
2024-06-19,8.319357030825497,1914
2024-06-20,8.685872836431226,2152
2024-06-21,8.8200789828125,1920
2024-06-22,8.662534576722338,1916
2024-06-23,6.952376660113587,2289
2024-06-24,6.0514362309697605,1918
2024-06-25,7.100364289611753,1906
2024-06-26,6.804004581963363,2129
2024-06-27,5.6131232330148615,1884
2024-06-28,6.178368957591623,1910
2024-06-29,6.847530371630579,2263
2024-06-30,5.74986826606479,1883
2024-07-01,5.32294790586991,1891
2024-07-02,6.4368215146171694,2155
2024-07-03,7.361464380062305,1926
2024-07-04,10.812489351909184,1938
2024-07-05,9.87464366189236,2304
2024-07-06,7.4570309911041335,1911
2024-07-07,7.6305623259493665,1896
2024-07-08,8.319779049881236,2105
2024-07-09,8.933295206038135,1888
2024-07-10,8.088516103629669,1901
2024-07-11,8.274563657079646,2260
2024-07-12,9.246302602195504,1913
2024-07-13,9.304589421578948,1900
2024-07-14,9.681537111996251,2134
2024-07-15,9.863058326465929,1893
2024-07-16,8.904035731034483,1885
2024-07-17,7.98187458782304,2283
2024-07-18,7.270579437532947,1897
2024-07-19,7.28691256210191,1884
2024-07-20,8.289211807674311,2137
2024-07-21,8.896502609134359,1883
2024-07-22,9.959716632135306,1892
2024-07-23,10.249041065333333,2250
2024-07-24,10.244177654631084,1911
2024-07-25,10.298492146506778,1918
2024-07-26,9.596805093475243,2161
2024-07-27,10.760101673277662,1916
2024-07-28,10.367814964921465,1910
2024-07-29,9.093808444687363,2287
2024-07-30,8.851003950157398,1906
2024-07-31,10.27101539334027,1922
2024-08-01,11.113680187037037,2160
2024-08-02,10.226351095683826,1923
2024-08-03,8.96345794568029,1933
2024-08-04,9.185145881782091,2267
2024-08-05,9.618669150419288,1908
2024-08-06,8.650019112676057,1917
2024-08-07,7.865894429767442,2150
2024-08-08,8.207720868639667,1926
2024-08-09,7.83634502065049,1937
2024-08-10,7.582981282439446,2312
2024-08-11,7.392155771857217,1933
2024-08-12,7.258070809176225,1918
2024-08-13,8.021980774988377,2151
2024-08-14,9.427959103608247,1940
2024-08-15,9.500128136787565,1930
2024-08-16,9.636052411868132,2275
2024-08-17,8.873209984768907,1904
2024-08-18,8.203768492055085,1888
2024-08-19,7.56399179315197,2132
2024-08-20,6.594146115025906,1930
2024-08-21,6.662838558488613,1932
2024-08-22,7.2716170452001725,2323
2024-08-23,8.060791049510057,1939
2024-08-24,9.031522129668051,1928
2024-08-25,9.54337916542751,2152
2024-08-26,9.494655595933263,1918
2024-08-27,9.284850503904217,1921
2024-08-28,8.046425249562171,2284
2024-08-29,7.261633707029246,1949
2024-08-30,7.082831248587571,1947
2024-08-31,6.44972694724875,2199
2024-09-01,6.882276357363543,1942
2024-09-02,6.21953424754522,1935
2024-09-03,5.944569498921019,2317
2024-09-04,7.584959783769902,1947
2024-09-05,7.994182295897436,1950
2024-09-06,7.496853601190476,2184
2024-09-07,6.464095567497404,1926
2024-09-08,6.207281514598541,1918
2024-09-09,7.008800539069359,2278
2024-09-10,7.751766298862461,1934
2024-09-11,9.41196752334025,1928
2024-09-12,8.42575548357242,2161
2024-09-13,7.36046640093361,1928
2024-09-14,6.89833796723869,1923
2024-09-15,6.534352547588004,2301
2024-09-16,6.189076092139511,1921
2024-09-17,6.141581163476461,1933
2024-09-18,6.326438615632184,2175
2024-09-19,6.4501664343329885,1934
2024-09-20,6.702831595755693,1932
2024-09-21,6.862438835073978,2298
2024-09-22,6.17507890984456,1930
2024-09-23,5.933835112676056,1917
2024-09-24,5.958337191420664,2168
2024-09-25,5.3222462602094245,1910
2024-09-26,5.355287686910994,1910
2024-09-27,5.753012572062084,2255
2024-09-28,5.746945626385224,1895
2024-09-29,5.6430419804543055,1893
2024-09-30,6.512452012735849,2120
2024-10-01,6.939574324451411,1914
2024-10-02,7.208352165879265,1905
2024-10-03,7.915834026455027,2268
2024-10-04,8.268504510384217,1926
2024-10-05,8.345094422877846,1932
2024-10-06,8.630080531698287,2161
2024-10-07,8.237296694924124,1911
2024-10-08,8.044300348031497,1905
2024-10-09,7.819281982056893,2285
2024-10-10,7.506738541578947,1900
2024-10-11,8.12587780829832,1904
2024-10-12,8.358218135854342,2142
2024-10-13,8.051236492623815,1898
2024-10-14,6.337855569246972,1899
2024-10-15,5.902387609485816,2256
2024-10-16,5.5016450397074195,1914
2024-10-17,5.758359500783289,1915
2024-10-18,6.981356810584958,2154
2024-10-19,8.031615868869386,1937
2024-10-20,8.372739377903976,1937
2024-10-21,8.589528327698309,2307
2024-10-22,8.783320881224066,1928
2024-10-23,8.117653623767515,1927
2024-10-24,6.880734130694892,2173
2024-10-25,7.8534540212435235,1930
2024-10-26,7.73472286570248,1936
2024-10-27,6.9050698297593,2285
2024-10-28,7.535118059400827,1936
2024-10-29,8.665827873138163,1947
2024-10-30,8.496870047989031,2188
2024-10-31,6.522858627895007,1943
2024-11-01,5.930047837615621,1946
2024-11-02,6.199939349056605,2332
2024-11-03,5.647663293450233,1939
2024-11-04,5.654335901444789,1938
2024-11-05,5.403127352293578,2180
2024-11-06,5.920558922320041,1931
2024-11-07,6.381489448525608,1933
2024-11-08,7.017414194759825,2290
2024-11-09,7.43555421948718,1950
2024-11-10,8.058895700258399,1935
2024-11-11,5.551421374825825,2153
2024-11-12,4.577548810146443,1912
2024-11-13,5.5460750807871575,1931
2024-11-14,5.858312987925831,2319
2024-11-15,6.372015008780992,1936
2024-11-16,6.3878378871635615,1932
2024-11-17,7.337400858915441,2176
2024-11-18,7.649116088265836,1926
2024-11-19,6.308186972395833,1920
2024-11-20,5.4238464600794005,2267
2024-11-21,4.684409188778186,1907
2024-11-22,5.204196001046573,1911
2024-11-23,5.518945484440316,2153
2024-11-24,6.422801166407465,1929
2024-11-25,7.003058993753253,1921
2024-11-26,6.329970896193772,2312
2024-11-27,7.147969095360825,1940
2024-11-28,6.498543290355854,1939
2024-11-29,6.381638122109158,2162
2024-11-30,7.1695496352631585,1900
2024-12-01,8.558300600104277,1918
2024-12-02,8.422177314020345,2261
2024-12-03,9.450765785381027,1929
2024-12-04,10.295146428126623,1927
2024-12-05,8.0538612613321,2162
2024-12-06,7.830736723260643,1926
2024-12-07,8.932274456285565,1933
2024-12-08,8.351675300258844,2318
2024-12-09,7.848634209024897,1928
2024-12-10,7.998280229362591,1914
2024-12-11,6.712548399350649,2156
2024-12-12,6.207503079166667,1920
2024-12-13,7.0019325835929385,1926
2024-12-14,7.81798823870682,2258
2024-12-15,7.348892299843832,1921
2024-12-16,6.482045440352698,1928
2024-12-17,6.8442397877532235,2172
2024-12-18,7.4744342805128205,1950
2024-12-19,7.4474760435005125,1954
2024-12-20,8.394544544753748,2335
2024-12-21,7.117474630445925,1951
2024-12-22,7.816413195966908,1934
2024-12-23,8.573391654903757,2182
2024-12-24,9.756886550561797,1958
2024-12-25,9.798491283076924,1950
2024-12-26,9.105088920315236,2284
2024-12-27,8.940850701898409,1949
2024-12-28,7.33692688741044,1954
2024-12-29,5.983097140083218,2163
2024-12-30,5.577510153008299,1928
2024-12-31,7.003573674466979,1923
2025-01-01,6.8206880918412836,2243
2025-01-02,6.523061583029672,1921
2025-01-03,7.234718911398963,1930
2025-01-04,5.631590239312267,2152
2025-01-05,5.6326821355578724,1918
2025-01-06,5.376515144050105,1916
2025-01-07,5.163922209156194,2228
2025-01-08,6.765717468062827,1910
2025-01-09,8.160451740273396,1902
2025-01-10,9.335323372410546,2124
2025-01-11,7.870766593308939,1913
2025-01-12,7.9050224409282706,1896
2025-01-13,6.638980502676182,2242
2025-01-14,6.146870440740741,1890
2025-01-15,7.569931488666316,1897
2025-01-16,8.73752653018868,2120
2025-01-17,9.14209234288692,1919
2025-01-18,7.600535142033543,1908
2025-01-19,6.75098206660666,2222
2025-01-20,5.551998777366473,1891
2025-01-21,6.624327490832896,1909
2025-01-22,8.418592898489141,2118
2025-01-23,9.470129822546973,1916
2025-01-24,9.424051588541666,1920
2025-01-25,9.013429292280232,2241
2025-01-26,7.593877419779064,1901
2025-01-27,7.280952241108786,1912
2025-01-28,7.375983262004662,2145
2025-01-29,7.713125691153647,1933
2025-01-30,8.787011401554404,1930
2025-01-31,8.81873243554163,2234
2025-02-01,6.322367659079151,1933
2025-02-02,7.22557793040293,1911
2025-02-03,8.464607032152843,2146
2025-02-04,6.765467361845516,1929
2025-02-05,6.633017984872196,1917
2025-02-06,7.081124155643739,2268
2025-02-07,5.905095270072993,1918
2025-02-08,6.697589446697868,1923
2025-02-09,6.891584991545327,2129
2025-02-10,7.303054173187272,1917
2025-02-11,7.877497720942408,1910
2025-02-12,8.0254325991921,2228
2025-02-13,6.113984274438056,1913
2025-02-14,7.170719691745036,1914
2025-02-15,7.506222988821611,2147
2025-02-16,5.4325346787592,1902
2025-02-17,5.482275772727273,1892
2025-02-18,5.73592975044405,2252
2025-02-19,5.7591967851542085,1913
2025-02-20,5.946608285938316,1913
2025-02-21,6.405784223950967,2121
2025-02-22,8.4475874109375,1920
2025-02-23,9.36641331056227,1903
2025-02-24,8.253236395128551,2217
2025-02-25,7.384263269150052,1906
2025-02-26,8.009968905937992,1903
2025-02-27,8.255566098921706,2133
2025-02-28,5.915639145454545,1925
2025-03-01,6.3849623699843665,1919
2025-03-02,5.944620587560653,2267
2025-03-03,7.982869030366492,1910
2025-03-04,8.375453279496591,1907
2025-03-05,5.377263865974516,2119
2025-03-06,4.407593058608059,1911
2025-03-07,5.6619936772349275,1924
2025-03-08,6.135386304367201,2244
2025-03-09,5.561164642519685,1905
2025-03-10,6.080510525539758,1899
2025-03-11,6.690526998122066,2130
2025-03-12,6.578119771920668,1916
2025-03-13,8.861279998950131,1905
2025-03-14,10.661894401223776,2288
2025-03-15,10.102254161741834,1929
2025-03-16,5.5478138565466875,1917
2025-03-17,4.57665821611551,2147
2025-03-18,5.67729598025974,1925
2025-03-19,6.301693204604919,1911
2025-03-20,4.6547296663705024,2251
2025-03-21,4.582985233820459,1916
2025-03-22,5.407103781903766,1912
2025-03-23,5.644464605692954,2143
2025-03-24,5.5665202,1900
2025-03-25,5.6079806911458325,1920
2025-03-26,6.131543796175576,2301
2025-03-27,6.672004058307534,1938
2025-03-28,8.420849339999998,1950
2025-03-29,8.808728368227731,2178
2025-03-30,6.983814020661157,1936
2025-03-31,5.352618100888656,1913
2025-04-01,5.463844705510388,2214
2025-04-02,6.102574535562633,1884
2025-04-03,6.003248497340425,1880
2025-04-04,5.9227542336802275,2114
2025-04-05,5.38569398042328,1890
2025-04-06,4.63880841728526,1886
2025-04-07,4.805623178076063,2235
2025-04-08,5.0077159184434965,1876
2025-04-09,6.329675791666667,1896
2025-04-10,7.767282303030303,2112
2025-04-11,7.226394335269271,1894
2025-04-12,7.009693277836691,1886
2025-04-13,6.60155697564276,2217
2025-04-14,6.904575024390244,1886
2025-04-15,6.044746096398305,1888
2025-04-16,6.08257351206815,2113
2025-04-17,7.274276832189973,1895
2025-04-18,8.904176774432118,1893
2025-04-19,8.786154700662252,2265
2025-04-20,6.3405931566455696,1896
2025-04-21,5.91432569883351,1886
2025-04-22,6.552381529078014,2115
2025-04-23,7.018994889182058,1895
2025-04-24,8.071383546560847,1890
2025-04-25,7.188498289841987,2215
2025-04-26,5.777843995197439,1874
2025-04-27,5.3567088940860215,1860
2025-04-28,6.020663842685852,2085
2025-04-29,6.4717700359249335,1865
2025-04-30,5.900697973441734,1845
2025-05-01,6.4409609856823264,2235
2025-05-02,6.599480635927506,1876
2025-05-03,5.509956571888412,1864
2025-05-04,4.693528551657857,2081
2025-05-05,5.1745589453669,1867
2025-05-06,5.718334893390192,1876
2025-05-07,5.8877811507720255,2202
2025-05-08,5.9468110471092075,1868
2025-05-09,5.71749981745182,1868
2025-05-10,5.8362463334925945,2093
2025-05-11,5.810748351901446,1867
2025-05-12,6.06333355465805,1857
2025-05-13,5.911788546924114,2227
2025-05-14,6.384195467948718,1872
2025-05-15,7.585345729817008,1858
2025-05-16,8.129678305797102,2070
2025-05-17,6.139404363834422,1836
2025-05-18,5.20938641388737,1829
2025-05-19,5.733113993569132,2177
2025-05-20,5.510109945770065,1844
2025-05-21,4.969746894194248,1843
2025-05-22,4.66676775060183,2077
2025-05-23,4.868298290460879,1866
2025-05-24,5.1463763470588235,1870
2025-05-25,5.8511546798029554,2233
2025-05-26,5.252461268135411,1861
2025-05-27,5.3051002513397645,1866
2025-05-28,5.152542791885442,2095
2025-05-29,6.011845520172136,1859
2025-05-30,7.086299903225806,1860
2025-05-31,7.974288848638671,2167
2025-06-01,7.511273073888889,1800
2025-06-02,8.041310600440287,1817
2025-06-03,10.227742804914005,2035
2025-06-04,12.37802868032787,1830
2025-06-05,12.589045829162133,1838
2025-06-06,11.757874971206581,2188
2025-06-07,12.289947058951967,1832
2025-06-08,12.651196209721464,1831
2025-06-09,10.15376081769306,2046
2025-06-10,9.887858627995643,1836
2025-06-11,12.277135513631407,1834
2025-06-12,13.920680145446095,2152
2025-06-13,11.11866133224401,1836
2025-06-14,9.141283092997812,1828
2025-06-15,7.302461600098136,2038
2025-06-16,6.968926579757976,1818
2025-06-17,6.2848832490400435,1823
2025-06-18,6.638238380668804,2183
2025-06-19,6.604170379989065,1829
2025-06-20,7.4879289983606565,1830
2025-06-21,8.979212032226563,2048
2025-06-22,9.022284867213115,1830
2025-06-23,9.531105450657895,1824
2025-06-24,9.518947542897328,2133
2025-06-25,8.418541218681318,1820
2025-06-26,7.281656751929438,1814
2025-06-27,6.829924143559489,2034
2025-06-28,6.261399787629995,1827
2025-06-29,6.545848496681416,1808
2025-06-30,7.159248283457249,2152
2025-07-01,7.867341159650516,1259
2025-07-02,7.839448348929421,1261
2025-07-03,9.119948195418754,1397
2025-07-04,13.552680103205631,1279
2025-07-05,12.997643791862284,1278
2025-07-06,9.66564157538036,1446
2025-07-07,8.706533337610264,1247
2025-07-08,8.859901405668017,1235
2025-07-09,8.054583998549672,1379
2025-07-10,8.320248200160128,1249
2025-07-11,8.9534098904,1250
2025-07-12,8.713060908965517,1450
2025-07-13,8.167092748,1250
2025-07-14,9.342138730184148,1249
2025-07-15,10.07731031962482,1386
2025-07-16,8.78608433148295,1261
2025-07-17,7.44710303508772,1254
2025-07-18,6.358317360416667,1440
2025-07-19,6.319517995268138,1268
2025-07-20,6.507815497607655,1254
2025-07-21,9.198623291066282,1388
2025-07-22,8.34603711844197,1258
2025-07-23,8.197727724603174,1260
2025-07-24,8.53792675136612,1464
2025-07-25,7.576920104559748,1272
2025-07-26,8.969157820126783,1262
2025-07-27,8.416259415706051,1388
2025-07-28,7.9486387486166015,1265
2025-07-29,8.609993023715415,1265
2025-07-30,9.518478128522338,1455
2025-07-31,13.526273554509803,1275
2025-08-01,13.873913877161055,1099
2025-08-02,10.745846936170214,1222
2025-08-03,11.534980932110091,1090
2025-08-04,13.214551387511479,1089
2025-08-05,13.580483371383893,1279
2025-08-06,11.466744963336389,1091
2025-08-07,10.30879303492647,1088
2025-08-08,10.081401520231214,1211
2025-08-09,9.119271611775527,1087
2025-08-10,8.976193969387756,1078
2025-08-11,8.724246635048232,1244
2025-08-12,7.917186067655236,1079
2025-08-13,8.20518277705828,1081
2025-08-14,9.658067924668874,1208
2025-08-15,9.790439859259259,1080
2025-08-16,8.67512879888786,1079
2025-08-17,7.4887514104,1250
2025-08-18,6.491196625464684,1076
2025-08-19,6.365890378127896,1079
2025-08-20,6.049047053112033,1205
2025-08-21,6.1287492502308405,1083
2025-08-22,6.691765059797608,1087
2025-08-23,6.863544254761905,1260
2025-08-24,6.217985415750916,1092
2025-08-25,6.127113666359447,1085
2025-08-26,6.1417183871499175,1214
2025-08-27,6.424361022018349,1090
2025-08-28,7.0813941323529415,1088
2025-08-29,6.767243574044587,1256
2025-08-30,6.503991394301471,1088
2025-08-31,6.447627672509225,1084
2025-09-01,6.099492720476706,923
2025-09-02,6.638192963724305,827
2025-09-03,8.091033369879518,830
2025-09-04,9.154926652083333,960
2025-09-05,8.745623821471654,829
2025-09-06,7.3754722879708385,823
2025-09-07,6.0615024058441564,924
2025-09-08,5.399684630354957,817
2025-09-09,5.574727562347188,818
2025-09-10,6.777424314583333,960
2025-09-11,7.496695561893204,824
2025-09-12,8.129870577294685,828
2025-09-13,8.833981369379014,934
2025-09-14,8.958357850241546,828
2025-09-15,9.032431494571773,829
2025-09-16,8.778051213250517,966
2025-09-17,8.115248511432009,831
2025-09-18,8.33303604556355,834
2025-09-19,8.599785316239316,936
2025-09-20,7.3246270337756325,829
2025-09-21,6.8740471557971015,828
2025-09-22,6.469075154479918,971
2025-09-23,6.111313723021583,834
2025-09-24,5.909332280385079,831
2025-09-25,5.846677121374866,931
2025-09-26,6.232350913043478,828
2025-09-27,6.878983806529625,827
2025-09-28,7.3380186841552995,953
2025-09-29,7.501362758830694,821
2025-09-30,7.6031485829268295,820
2025-10-01,7.020202962499999,160
2025-10-02,7.534288570469799,149
2025-10-03,8.96919922818792,149
2025-10-04,8.774221903614457,166
2025-10-05,7.547923328859061,149
2025-10-06,5.616730546666667,150
2025-10-07,4.92165249689441,161
2025-10-08,4.90335580794702,151
2025-10-09,4.303060832214765,149
2025-10-10,5.477970144578313,166
2025-10-11,5.203747174496645,149
2025-10-12,5.0800567333333335,150
2025-10-13,4.4400450186335405,161
2025-10-14,4.59982967114094,149
2025-10-15,4.981365366666666,150
2025-10-16,4.60450424852071,169
2025-10-17,6.606584932885906,149
2025-10-18,7.269217190789473,152
2025-10-19,4.643788337423313,163
2025-10-20,3.6738096666666666,147
2025-10-21,4.040447729166667,144
2025-10-22,4.792357715151515,165
2025-10-23,5.451827375838926,149
2025-10-24,6.348465490066225,151
2025-10-25,6.13462123030303,165
2025-10-26,5.4459274415584416,154
2025-10-27,4.506997818181818,154
2025-10-28,4.631667752941176,170
2025-10-29,4.980152980263158,152
2025-10-30,5.429570464052287,153
2025-10-31,5.152643333333334,165
