date,temperature,temp_n_stations
2022-09-25,68.25499998321091,953
2022-09-26,67.7099119017764,957
2022-09-27,65.93113606471816,958
2022-09-28,65.03534792251308,955
2022-09-29,64.08211303382664,946
2022-09-30,62.287903969344605,946
2022-10-01,62.22502361015119,926
2022-10-02,62.30773064820847,921
2022-10-03,61.447962824222934,933
2022-10-04,61.78537285021552,928
2022-10-05,63.220318930629674,937
2022-10-06,63.74599488191489,940
2022-10-07,61.342381183846975,941
2022-10-08,59.38289538125665,939
2022-10-09,60.177879980830674,939
2022-10-10,61.88082737420042,938
2022-10-11,63.1021190149413,937
2022-10-12,63.40800560063898,939
2022-10-13,60.6946215823592,941
2022-10-14,60.15778686474974,939
2022-10-15,60.21683149893391,938
2022-10-16,58.45018563646055,938
2022-10-17,55.396541896698615,939
2022-10-18,52.82970373064688,943
2022-10-19,52.94694490243902,943
2022-10-20,56.169710370370375,945
2022-10-21,59.46295107733051,944
2022-10-22,60.524916141039235,943
2022-10-23,57.71809949150743,942
2022-10-24,55.87457226588983,944
2022-10-25,54.681967861849095,941
2022-10-26,52.44194821951219,943
2022-10-27,51.27748744656085,945
2022-10-28,51.5044787410148,946
2022-10-29,52.555653937566134,945
2022-10-30,53.857604608695645,943
2022-10-31,56.09951432592593,945
2022-11-01,57.02583005894737,950
2022-11-02,55.497593766631475,947
2022-11-03,52.688839278012686,946
2022-11-04,52.86697669034995,943
2022-11-05,54.302631714893614,940
2022-11-06,55.39768754100106,939
2022-11-07,55.27239651483051,944
2022-11-08,52.478087834920636,945
2022-11-09,51.12076462314225,942
2022-11-10,50.13221331842386,939
2022-11-11,45.97051801814301,937
2022-11-12,42.12605173019272,934
2022-11-13,39.50590724786325,936
2022-11-14,38.98243160425532,940
2022-11-15,38.637150114528104,943
2022-11-16,39.32376356581741,942
2022-11-17,36.99370467303609,942
2022-11-18,34.53367183757962,942
2022-11-19,34.552864182590234,942
2022-11-20,35.56606117021277,940
2022-11-21,38.70632403075292,943
2022-11-22,42.077814658898305,944
2022-11-23,44.866623249999996,944
2022-11-24,46.07617448777896,941
2022-11-25,46.22315775505857,939
2022-11-26,45.49987464042553,940
2022-11-27,46.062307873673035,942
2022-11-28,44.05413653439154,945
2022-11-29,42.748686306553914,946
2022-11-30,39.353025406743946,949
2022-12-01,39.691875156283004,947
2022-12-02,42.852763819238895,946
2022-12-03,42.53786772823779,942
2022-12-04,41.547032843054076,943
2022-12-05,43.735789996825396,945
2022-12-06,44.729182663124334,941
2022-12-07,45.33575341754757,946
2022-12-08,44.304639693446084,946
2022-12-09,42.787698973516946,944
2022-12-10,42.977770606574765,943
2022-12-11,43.037593961783436,942
2022-12-12,40.79562451687764,948
2022-12-13,39.026140650475185,947
2022-12-14,38.19029763991552,947
2022-12-15,37.119285752109704,948
2022-12-16,34.961698839153435,945
2022-12-17,32.90780080275716,943
2022-12-18,31.013438580063625,943
2022-12-19,31.5481231128692,948
2022-12-20,32.82928624421052,950
2022-12-21,31.584967238696112,951
2022-12-22,27.25012095899054,951
2022-12-23,22.435180596620906,947
2022-12-24,25.390512378061768,939
2022-12-25,31.01197116489362,940
2022-12-26,34.355619863974496,941
2022-12-27,37.886649049735446,945
2022-12-28,42.54777427157895,950
2022-12-29,45.136389800632905,948
2022-12-30,45.34745205801688,948
2022-12-31,46.682961161392406,948
2023-01-01,46.30275015940489,941
2023-01-02,45.08547147077577,941
2023-01-03,45.05666061864407,944
2023-01-04,44.215832397667015,943
2023-01-05,41.79931978964059,946
2023-01-06,40.87050964067439,949
2023-01-07,40.68205860232067,948
2023-01-08,40.330400057022175,947
2023-01-09,41.8314576969377,947
2023-01-10,43.91289362,950
2023-01-11,44.11046922560336,953
2023-01-12,42.94443058071278,954
2023-01-13,40.214725293193716,955
2023-01-14,38.60705736649214,955
2023-01-15,40.89653455031447,954
2023-01-16,42.750407350472194,953
2023-01-17,43.04930188982162,953
2023-01-18,42.220237807570975,951
2023-01-19,40.1086063812038,947
2023-01-20,37.6822089947313,949
2023-01-21,35.797832646251315,947
2023-01-22,35.59064996304118,947
2023-01-23,36.113653185850055,947
2023-01-24,36.84951094426919,951
2023-01-25,37.254993869198316,948
2023-01-26,36.89045867263158,950
2023-01-27,37.502911818086226,951
2023-01-28,38.392016829652995,951
2023-01-29,34.226868060063225,949
2023-01-30,29.585547069400633,951
2023-01-31,28.847606050473185,951
2023-02-01,31.497126335805085,944
2023-02-02,33.813903074388946,941
2023-02-03,32.764059952229296,942
2023-02-04,36.2701971581741,942
2023-02-05,42.86626371549894,942
2023-02-06,43.32997858474576,944
2023-02-07,43.048926897245764,944
2023-02-08,43.262229185185184,945
2023-02-09,43.00231498521647,947
2023-02-10,40.842391381856544,948
2023-02-11,39.11772756599789,947
2023-02-12,41.082409803174606,945
2023-02-13,43.33486064631579,950
2023-02-14,43.495704405491026,947
2023-02-15,42.387016644514766,948
2023-02-16,38.688228922995776,948
2023-02-17,36.495893059071726,948
2023-02-18,37.90157751216931,945
2023-02-19,44.28915295343915,945
2023-02-20,48.4241272173913,943
2023-02-21,46.463902748945145,948
2023-02-22,40.333198383720934,946
2023-02-23,37.648237316348194,942
2023-02-24,36.190417508492565,942
2023-02-25,38.167575149522804,943
2023-02-26,42.893880625,944
2023-02-27,44.75766330517423,947
2023-02-28,44.906009753164554,948
2023-03-01,44.659719482866045,963
2023-03-02,43.97327317080745,966
2023-03-03,43.066142626943005,965
2023-03-04,43.13582884599376,961
2023-03-05,45.38693221145833,960
2023-03-06,46.32991800415369,963
2023-03-07,44.253826367768596,968
2023-03-08,42.87230181320949,969
2023-03-09,44.318601032921805,972
2023-03-10,45.413468096807414,971
2023-03-11,45.842050915463915,970
2023-03-12,43.512690332988626,967
2023-03-13,42.97957258264463,968
2023-03-14,42.93653431088083,965
2023-03-15,45.28876069678089,963
2023-03-16,45.66308859067358,965
2023-03-17,41.64847281619937,963
2023-03-18,39.35511551247401,962
2023-03-19,38.78369535483871,961
2023-03-20,42.76872256787565,965
2023-03-21,45.68996521243523,965
2023-03-22,49.10438626064382,963
2023-03-23,50.336822582815735,966
2023-03-24,47.510033627066115,968
2023-03-25,45.98637638095238,966
2023-03-26,46.166115171310636,969
2023-03-27,45.77932275823046,972
2023-03-28,45.37963403285421,974
2023-03-29,45.3019132523172,971
2023-03-30,46.6258997507724,971
2023-03-31,50.718786993833504,973
2023-04-01,51.980950038934424,976
2023-04-02,50.959862679050566,969
2023-04-03,51.69489004290092,979
2023-04-04,51.66075463608563,981
2023-04-05,49.869682622448984,980
2023-04-06,48.79883929268293,984
2023-04-07,49.34018487906504,984
2023-04-08,50.98737462639594,985
2023-04-09,54.1906740964467,985
2023-04-10,57.48643878760162,984
2023-04-11,60.82303434517767,985
2023-04-12,61.586439281947264,986
2023-04-13,59.88182662170386,986
2023-04-14,58.56185814052953,982
2023-04-15,58.2037788470948,981
2023-04-16,55.712306880612246,980
2023-04-17,54.40946801529052,981
2023-04-18,54.02172565615463,983
2023-04-19,53.79996815423902,979
2023-04-20,55.93452515345528,984
2023-04-21,55.912373270600206,983
2023-04-22,53.35530488217213,976
2023-04-23,51.65613949185336,982
2023-04-24,52.95956235198373,983
2023-04-25,53.83505776774848,986
2023-04-26,56.06165910162601,984
2023-04-27,58.149513553752534,986
2023-04-28,58.75518498883249,985
2023-04-29,59.6393641395112,982
2023-04-30,58.98929024236252,982
2023-05-01,57.37260649235474,981
2023-05-02,56.86931926836735,980
2023-05-03,57.82392675178026,983
2023-05-04,58.17564727670396,983
2023-05-05,59.77391579552391,983
2023-05-06,61.31157232756867,983
2023-05-07,62.812001068367344,980
2023-05-08,63.50251781716037,979
2023-05-09,62.79668554192229,978
2023-05-10,63.0182392597137,978
2023-05-11,64.96023491632653,980
2023-05-12,67.27677854989817,982
2023-05-13,66.86761813789582,979
2023-05-14,65.69536558895706,978
2023-05-15,66.04476159631147,976
2023-05-16,67.1534662803262,981
2023-05-17,64.88740818042812,981
2023-05-18,64.40574401019367,981
2023-05-19,65.65624727319062,981
2023-05-20,65.70832895603272,978
2023-05-21,66.59382223848516,977
2023-05-22,67.25494535300102,983
2023-05-23,67.24382443699187,984
2023-05-24,65.85614052690356,985
2023-05-25,64.25587323045686,985
2023-05-26,64.67851437804879,984
2023-05-27,65.85634585670732,984
2023-05-28,66.70217212207527,983
2023-05-29,68.06585746122448,980
2023-05-30,68.46207663857868,985
2023-05-31,69.1220045704154,987
2023-06-01,69.59086488145897,987
2023-06-02,70.33857975865581,982
2023-06-03,69.6789746401631,981
2023-06-04,68.75423006639429,979
2023-06-05,68.6361871141692,981
2023-06-06,68.64588731605691,984
2023-06-07,67.57357198680202,985
2023-06-08,67.45345186497462,985
2023-06-09,68.36693457505072,986
2023-06-10,68.71733969004065,984
2023-06-11,68.13605942929807,983
2023-06-12,67.32238989329268,984
2023-06-13,67.9822361453252,984
2023-06-14,69.39082720977596,982
2023-06-15,69.48060296243655,985
2023-06-16,69.19043490621814,981
2023-06-17,70.72977167315574,976
2023-06-18,71.5354078534836,976
2023-06-19,72.00856889150461,977
2023-06-20,71.4042629389002,982
2023-06-21,70.74576607309645,985
2023-06-22,70.28060311437247,988
2023-06-23,71.13355864741642,987
2023-06-24,72.95137333231708,984
2023-06-25,74.12349021928935,985
2023-06-26,73.91451307598784,987
2023-06-27,73.5587383915237,991
2023-06-28,73.86276032894736,988
2023-06-29,75.07498968452983,989
2023-06-30,76.53186745233266,986
2023-07-01,77.17870200411099,973
2023-07-02,77.3047075405961,973
2023-07-03,77.37670047191011,979
2023-07-04,76.04369442169909,977
2023-07-05,75.85224824387754,980
2023-07-06,75.12262289897959,980
2023-07-07,74.4511585367347,980
2023-07-08,74.46874979345604,978
2023-07-09,74.84400090246406,974
2023-07-10,76.34670635378322,978
2023-07-11,77.44131690602656,979
2023-07-12,78.09700754376931,971
2023-07-13,78.73585890824744,970
2023-07-14,78.57220382730092,967
2023-07-15,78.72674706139438,961
2023-07-16,78.92447890093848,959
2023-07-17,79.32591313291796,963
2023-07-18,79.05125952182952,962
2023-07-19,78.71093236994818,965
2023-07-20,78.50286853678756,965
2023-07-21,77.82400486344538,952
2023-07-22,78.23110525236594,951
2023-07-23,78.87184111671924,951
2023-07-24,79.42435292654774,953
2023-07-25,80.08709076285415,953
2023-07-26,80.45932960229645,958
2023-07-27,80.5886883696781,963
2023-07-28,80.38503013513514,962
2023-07-29,79.30569667640918,958
2023-07-30,78.34709697803346,956
2023-07-31,77.24025887682673,958
2023-08-01,76.62693772285418,967
2023-08-02,76.19335649948293,967
2023-08-03,75.99551847772021,965
2023-08-04,76.41547554093263,965
2023-08-05,76.62525151612903,961
2023-08-06,76.21089161914672,961
2023-08-07,75.59514080166149,963
2023-08-08,75.01373383747412,966
2023-08-09,75.47898651817238,963
2023-08-10,75.97521822797928,965
2023-08-11,76.6966914159751,964
2023-08-12,77.35497387642782,963
2023-08-13,76.49146996780894,963
2023-08-14,76.12937659067359,965
2023-08-15,76.71918522130301,967
2023-08-16,77.48237166943005,965
2023-08-17,77.37857946991701,964
2023-08-18,76.58194091304348,966
2023-08-19,75.42730060373444,964
2023-08-20,76.19875109166667,960
2023-08-21,77.15479811398964,965
2023-08-22,76.3642094849741,965
2023-08-23,76.8348233922997,961
2023-08-24,77.55891929698858,963
2023-08-25,77.01828486500519,963
2023-08-26,76.59509747242456,961
2023-08-27,75.32445622372529,961
2023-08-28,74.94522398026999,963
2023-08-29,75.53197145906735,965
2023-08-30,74.56163095426196,962
2023-08-31,73.060901827622,963
2023-09-01,72.81775173922186,951
2023-09-02,73.94591879284962,951
2023-09-03,75.23283968809272,949
2023-09-04,74.19653571549,949
2023-09-05,74.560646658588,949
2023-09-06,74.51221692348008,954
2023-09-07,74.39597224973767,953
2023-09-08,74.03538340566037,954
2023-09-09,73.2474957148847,954
2023-09-10,71.91269224789916,952
2023-09-11,70.75569551308901,955
2023-09-12,69.82794059224318,954
2023-09-13,68.73398510167715,954
2023-09-14,67.82048247064989,954
2023-09-15,67.50404458743455,955
2023-09-16,68.11110622105262,950
2023-09-17,68.6410527486856,951
2023-09-18,68.322074795383,953
2023-09-19,67.89667262710084,952
2023-09-20,68.10432428886556,952
2023-09-21,67.69716439810925,952
2023-09-22,66.90500943277311,952
2023-09-23,66.59050930494217,951
2023-09-24,67.12655354631579,950
2023-09-25,67.7956837192429,951
2023-09-26,67.92282373004201,952
2023-09-27,67.67094001993704,953
2023-09-28,67.18732313684211,950
2023-09-29,67.54455069368422,950
2023-09-30,67.84229242088608,948
2023-10-01,66.66227068947369,950
2023-10-02,66.0989317591623,955
2023-10-03,66.27422142513089,955
2023-10-04,67.18090261280167,953
2023-10-05,65.63419144050104,958
2023-10-06,63.49727542154812,956
2023-10-07,61.10466840481172,956
2023-10-08,60.31707658534032,955
2023-10-09,60.25800776384535,957
2023-10-10,60.65781716041667,960
2023-10-11,59.499691219562955,961
2023-10-12,58.58376619667013,961
2023-10-13,58.42876660457856,961
2023-10-14,56.75356547753396,957
2023-10-15,56.845085351097175,957
2023-10-16,56.95559381458334,960
2023-10-17,58.280954538541664,960
2023-10-18,60.38715707724426,958
2023-10-19,62.314134613138684,959
2023-10-20,63.11121687280248,967
2023-10-21,61.61963214596273,966
2023-10-22,59.60015165871369,964
2023-10-23,59.34920795440414,965
2023-10-24,60.06922879214064,967
2023-10-25,60.192221749741464,967
2023-10-26,58.21989339896907,970
2023-10-27,55.88658060556127,971
2023-10-28,51.68496081733746,969
2023-10-29,47.83003261673554,968
2023-10-30,44.28868955371901,968
2023-10-31,43.91216948659794,970
2023-11-01,44.54886231034482,957
2023-11-02,48.49742631066946,956
2023-11-03,53.15315567570386,959
2023-11-04,54.78232174712644,957
2023-11-05,56.25684144665272,956
2023-11-06,57.9481265799373,957
2023-11-07,56.92411101876955,959
2023-11-08,53.94037126200418,958
2023-11-09,50.53680596558916,959
2023-11-10,47.79817903657263,957
2023-11-11,47.872524462264145,954
2023-11-12,49.70815502210527,950
2023-11-13,50.61086352301255,956
2023-11-14,51.203638439075625,952
2023-11-15,51.90645600942408,955
2023-11-16,53.38078610062893,954
2023-11-17,52.962350525210084,952
2023-11-18,50.558567966351205,951
2023-11-19,48.94183239199157,949
2023-11-20,48.189405470588234,952
2023-11-21,46.4584866726128,953
2023-11-22,46.14396000735294,952
2023-11-23,43.753559369085174,951
2023-11-24,39.60165841201264,949
2023-11-25,37.89661841894737,950
2023-11-26,38.36912099052632,950
2023-11-27,37.672271370020965,954
2023-11-28,37.22079473375262,954
2023-11-29,39.670298720881426,953
2023-11-30,43.1191438541448,953
2023-12-01,43.87931624050633,948
2023-12-02,45.04158828888889,945
2023-12-03,46.0407085,944
2023-12-04,45.81181483932347,946
2023-12-05,45.49648534004237,944
2023-12-06,44.9497255281018,943
2023-12-07,46.02826903072034,944
2023-12-08,46.52351996924708,943
2023-12-09,45.03217242189161,941
2023-12-10,41.96672527523911,941
2023-12-11,40.33823836025505,941
2023-12-12,40.6704653089172,942
2023-12-13,41.49405992136026,941
2023-12-14,42.211565438894795,941
2023-12-15,44.36959389596603,942
2023-12-16,44.843753391489365,940
2023-12-17,44.79589247765958,940
2023-12-18,43.3083874208289,941
2023-12-19,42.02866411395101,939
2023-12-20,44.14114754042553,940
2023-12-21,45.32718517978723,940
2023-12-22,45.386850687234045,940
2023-12-23,46.11490389552239,938
2023-12-24,44.76031062486602,933
2023-12-25,41.947441357296135,932
2023-12-26,41.682904514438505,935
2023-12-27,41.840839868449194,935
2023-12-28,40.77652610470086,936
2023-12-29,40.53800057754011,935
2023-12-30,40.32847431437768,932
2023-12-31,39.66092714270386,932
2024-01-01,38.07387167414404,847
2024-01-02,36.820680929411765,850
2024-01-03,37.29874952230047,852
2024-01-04,37.29135145550351,854
2024-01-05,36.83075586885246,854
2024-01-06,36.35998622941177,850
2024-01-07,36.1403297196702,849
2024-01-08,35.2977538,850
2024-01-09,36.39275574765258,852
2024-01-10,37.55380104347826,851
2024-01-11,36.389742517038776,851
2024-01-12,33.20867792488263,852
2024-01-13,28.857040972941178,850
2024-01-14,25.223070590588236,850
2024-01-15,22.12091527230047,852
2024-01-16,23.544174064705885,850
2024-01-17,29.417649413915093,848
2024-01-18,34.75008083589138,847
2024-01-19,31.480887153301886,848
2024-01-20,29.576755070588234,850
2024-01-21,33.255728,848
2024-01-22,38.56502975910693,851
2024-01-23,42.722290555294116,850
2024-01-24,43.77300941627358,848
2024-01-25,45.315009844705884,850
2024-01-26,44.62538795641932,849
2024-01-27,43.92340505771496,849
2024-01-28,44.2675270882353,850
2024-01-29,44.59411183882353,850
2024-01-30,44.72563769320843,854
2024-01-31,45.40152403629977,854
2024-02-01,45.9236945418139,849
2024-02-02,44.69765444876325,849
2024-02-03,42.0117036162928,847
2024-02-04,41.68109842502952,847
2024-02-05,42.693609021251476,847
2024-02-06,42.95227544470588,850
2024-02-07,43.122818767962315,849
2024-02-08,44.83818476588235,850
2024-02-09,45.060002585394585,849
2024-02-10,42.558061831168835,847
2024-02-11,41.03757235106383,846
2024-02-12,40.72633762588236,850
2024-02-13,41.191735083529416,850
2024-02-14,42.20871153773585,848
2024-02-15,43.42370803411765,850
2024-02-16,39.92152553482881,847
2024-02-17,34.22455630070755,848
2024-02-18,37.96034234474616,847
2024-02-19,42.517491505910165,846
2024-02-20,46.11541339834515,846
2024-02-21,48.51723453246753,847
2024-02-22,48.61174621040189,846
2024-02-23,47.23066142384888,847
2024-02-24,45.25129700236967,844
2024-02-25,48.57591315183868,843
2024-02-26,52.46133976477542,846
2024-02-27,49.908194552538376,847
2024-02-28,43.39858798,850
2024-02-29,41.61870009753232,851
2024-03-01,45.01469157459207,858
2024-03-02,48.08673989148192,857
2024-03-03,49.16943769778296,857
2024-03-04,49.704672019767436,860
2024-03-05,48.59475172780374,856
2024-03-06,48.64001716452742,857
2024-03-07,47.61266258556461,859
2024-03-08,46.70564115151515,858
2024-03-09,44.77626787179487,858
2024-03-10,46.00576262222223,855
2024-03-11,48.95587842191143,858
2024-03-12,52.395730219369895,857
2024-03-13,52.66954560630841,856
2024-03-14,52.193947672897195,856
2024-03-15,49.84215521662764,854
2024-03-16,50.1338664021102,853
2024-03-17,48.7348161880141,851
2024-03-18,46.61112918661972,852
2024-03-19,48.72026613380282,852
2024-03-20,49.69483922196262,856
2024-03-21,48.34435439578454,854
2024-03-22,48.907810451990635,854
2024-03-23,47.1866650996483,853
2024-03-24,44.781130921911426,858
2024-03-25,46.724183282887076,859
2024-03-26,45.6005101287703,862
2024-03-27,46.164647087861276,865
2024-03-28,49.31910535697675,860
2024-03-29,50.47177627262181,862
2024-03-30,51.7368219616279,860
2024-03-31,51.734810008158505,858
2024-04-01,52.88107202290951,873
2024-04-02,52.98930372571429,875
2024-04-03,51.430226896,875
2024-04-04,50.39766037714286,875
2024-04-05,49.75664600228833,874
2024-04-06,47.818530828178694,873
2024-04-07,50.093334289655175,870
2024-04-08,54.03927012270642,872
2024-04-09,56.160927839265206,871
2024-04-10,56.21851529850747,871
2024-04-11,57.05464371444955,872
2024-04-12,58.44644572477064,872
2024-04-13,58.715392781859926,871
2024-04-14,60.83454055912744,871
2024-04-15,60.20156032989691,873
2024-04-16,61.001918952000004,875
2024-04-17,60.13551348,875
2024-04-18,57.514024416666665,876
2024-04-19,55.739526584000004,875
2024-04-20,54.29414223940435,873
2024-04-21,54.34847356192661,872
2024-04-22,57.06289363272312,874
2024-04-23,58.42947648512586,874
2024-04-24,58.40609160228572,875
2024-04-25,57.02435992351598,876
2024-04-26,57.2918411391106,877
2024-04-27,59.615725387614674,872
2024-04-28,60.41500827293578,872
2024-04-29,61.70067184765177,873
2024-04-30,61.05662118628571,875
2024-05-01,61.375299683789954,876
2024-05-02,61.35542768114286,875
2024-05-03,61.09942189041096,876
2024-05-04,60.50876704805492,874
2024-05-05,59.26614898167239,873
2024-05-06,59.82219947247707,872
2024-05-07,62.1029498859447,868
2024-05-08,62.30786743448276,870
2024-05-09,61.59067948623853,872
2024-05-10,61.56069280870561,873
2024-05-11,62.37767326291619,871
2024-05-12,64.16645615517241,870
2024-05-13,65.53689335771429,875
2024-05-14,64.83136183867276,874
2024-05-15,65.4425558027366,877
2024-05-16,66.181148336,875
2024-05-17,66.74228707586207,870
2024-05-18,67.26733379976984,869
2024-05-19,67.94784226804124,873
2024-05-20,65.84322098744292,876
2024-05-21,66.38644472862029,877
2024-05-22,67.21375501254276,877
2024-05-23,66.27034945330297,878
2024-05-24,66.59850210921502,879
2024-05-25,66.14759327220956,878
2024-05-26,67.6132924086758,876
2024-05-27,68.58817834324942,874
2024-05-28,68.91670215437003,881
2024-05-29,67.67874255808655,878
2024-05-30,66.17857153968254,882
2024-05-31,67.43319012031782,881
2024-06-01,68.93766509389141,884
2024-06-02,70.10767323103057,883
2024-06-03,71.3934045583239,883
2024-06-04,72.72218982672706,883
2024-06-05,74.07227490497738,884
2024-06-06,75.12986296384182,885
2024-06-07,74.81233347570623,885
2024-06-08,72.99001503628118,882
2024-06-09,71.951902725,880
2024-06-10,70.4769308197279,882
2024-06-11,71.98055245361991,884
2024-06-12,75.16291229591837,882
2024-06-13,76.32385644659091,880
2024-06-14,75.44412870534698,879
2024-06-15,74.53260108105023,876
2024-06-16,73.86987672146118,876
2024-06-17,73.77627483085715,875
2024-06-18,72.01174387243735,878
2024-06-19,73.17361351308305,879
2024-06-20,75.01589578677309,877
2024-06-21,75.8628827258248,879
2024-06-22,78.04716693500569,877
2024-06-23,79.36416210514285,875
2024-06-24,79.24972006150342,878
2024-06-25,79.41969882896237,877
2024-06-26,77.56306327771429,875
2024-06-27,75.1017575518814,877
2024-06-28,74.7484540763968,877
2024-06-29,76.77107805949656,874
2024-06-30,76.59819504004577,874
2024-07-01,74.46879143935926,874
2024-07-02,75.79931815981735,876
2024-07-03,77.48990749942988,877
2024-07-04,77.35162624515394,877
2024-07-05,77.4605714760274,876
2024-07-06,77.82466651088203,873
2024-07-07,77.73554699541285,872
2024-07-08,78.18333746057144,875
2024-07-09,78.73051665272938,861
2024-07-10,79.44354824798154,867
2024-07-11,79.9408676367816,870
2024-07-12,80.18554714678899,872
2024-07-13,80.42086956170704,867
2024-07-14,80.52306810829492,868
2024-07-15,80.03398560665137,872
2024-07-16,78.85247354879449,871
2024-07-17,77.64711010586882,869
2024-07-18,76.6346289977038,871
2024-07-19,76.8314576639816,869
2024-07-20,77.18306533218392,870
2024-07-21,76.44820787126437,870
2024-07-22,76.583667736,875
2024-07-23,77.61318977459955,874
2024-07-24,78.23935811481056,871
2024-07-25,77.84046305383734,873
2024-07-26,75.9822425228833,874
2024-07-27,74.67964786498857,874
2024-07-28,75.35840188774341,873
2024-07-29,76.8219142631579,874
2024-07-30,78.06448851487414,874
2024-07-31,78.55895585028571,875
2024-08-01,80.29206030444698,877
2024-08-02,80.60109630533485,881
2024-08-03,80.56051116931818,880
2024-08-04,79.98516379659091,880
2024-08-05,79.74816395681817,880
2024-08-06,78.4896256473265,879
2024-08-07,76.88603202850626,877
2024-08-08,75.52802426734927,879
2024-08-09,74.72332022095672,878
2024-08-10,74.91544896700796,879
2024-08-11,74.949393285877,878
2024-08-12,74.37395081621004,876
2024-08-13,74.4444787309008,877
2024-08-14,74.84641269520549,876
2024-08-15,75.79597842873433,877
2024-08-16,77.14542964685715,875
2024-08-17,76.37979674141876,874
2024-08-18,76.02197648394494,872
2024-08-19,75.60245677459955,874
2024-08-20,74.49645994380734,872
2024-08-21,73.52057395667048,877
2024-08-22,72.26508683219178,876
2024-08-23,72.60432906971428,875
2024-08-24,73.95317561741122,873
2024-08-25,74.26558098165138,872
2024-08-26,74.71598002742857,875
2024-08-27,75.64243186368844,873
2024-08-28,75.613966368,875
2024-08-29,74.01945114383561,876
2024-08-30,74.16414156621005,876
2024-08-31,74.65534483867278,874
2024-09-01,74.8516667437071,874
2024-09-02,73.05514329061785,874
2024-09-03,71.92871058628572,875
2024-09-04,72.19026223059362,876
2024-09-05,73.60128507428571,875
2024-09-06,72.77466246971429,875
2024-09-07,70.717315860252,873
2024-09-08,69.90190596781609,870
2024-09-09,71.62829478146453,874
2024-09-10,71.42347230434783,874
2024-09-11,70.74683512399541,871
2024-09-12,69.56230033065442,871
2024-09-13,69.88831353881278,876
2024-09-14,71.84180135542857,875
2024-09-15,71.21735094965675,874
2024-09-16,69.52514297146118,876
2024-09-17,68.04156511174457,877
2024-09-18,68.58242306849316,876
2024-09-19,70.35695518700115,877
2024-09-20,70.91845087571267,877
2024-09-21,69.43945704680365,876
2024-09-22,68.18402768378995,876
2024-09-23,68.00612205257143,875
2024-09-24,69.46704323630136,876
2024-09-25,69.75728166476625,877
2024-09-26,69.81922489497717,876
2024-09-27,70.07842582245132,873
2024-09-28,70.81695125465116,860
2024-09-29,70.67757246118192,863
2024-09-30,68.61011411880047,867
2024-10-01,67.83790491734575,859
2024-10-02,67.99550640140023,857
2024-10-03,67.94614612093022,860
2024-10-04,68.93531279582366,862
2024-10-05,69.62692026193248,859
2024-10-06,68.38851843655414,859
2024-10-07,66.54865825925926,864
2024-10-08,65.05215224593968,862
2024-10-09,64.80215280836237,861
2024-10-10,64.42434130313589,861
2024-10-11,65.10538780487805,861
2024-10-12,65.19308090592335,861
2024-10-13,63.10102033178114,859
2024-10-14,60.936963048723904,862
2024-10-15,58.80492411948956,862
2024-10-16,56.19529768060395,861
2024-10-17,54.32668659001162,861
2024-10-18,53.83790801627907,860
2024-10-19,56.66719418479533,855
2024-10-20,59.56165636374269,855
2024-10-21,61.40379681892523,856
2024-10-22,61.736426367132864,858
2024-10-23,61.51957739160839,858
2024-10-24,58.80482881191589,856
2024-10-25,57.882366957993,857
2024-10-26,58.69705003733956,857
2024-10-27,58.051945283040936,855
2024-10-28,58.395377904317385,857
2024-10-29,57.76567840654206,856
2024-10-30,57.02639222807017,855
2024-10-31,54.85758347423887,854
2024-11-01,52.872368899645814,847
2024-11-02,53.04135286863905,845
2024-11-03,53.31222721183432,845
2024-11-04,54.18629540661939,846
2024-11-05,54.30742181582054,847
2024-11-06,52.06421505785124,847
2024-11-07,51.03889485613208,848
2024-11-08,51.08623631213192,849
2024-11-09,50.753509334905665,848
2024-11-10,53.13041792080378,846
2024-11-11,53.400529427046266,843
2024-11-12,49.612855050767415,847
2024-11-13,48.26232961556604,848
2024-11-14,48.62394441273585,848
2024-11-15,47.97277343447462,847
2024-11-16,47.53708061018957,844
2024-11-17,49.42883395848161,843
2024-11-18,50.10132456516588,844
2024-11-19,47.43621675386444,841
2024-11-20,45.60075929166666,840
2024-11-21,44.42931684780024,841
2024-11-22,45.99009278953627,841
2024-11-23,47.03111905119048,840
2024-11-24,47.63630542073897,839
2024-11-25,45.99466098578199,844
2024-11-26,44.20054793491124,845
2024-11-27,44.067393514792904,845
2024-11-28,39.53382907345972,844
2024-11-29,36.16457316963226,843
2024-11-30,36.278195201660736,843
2024-12-01,37.815821914387634,841
2024-12-02,37.89194737914692,844
2024-12-03,38.91670038908659,843
2024-12-04,41.06528808649289,844
2024-12-05,38.96967212009512,841
2024-12-06,37.752431896305126,839
2024-12-07,41.272210252090794,837
2024-12-08,45.38844086499403,837
2024-12-09,44.37294599283154,837
2024-12-10,40.41486525833333,840
2024-12-11,38.4052767,840
2024-12-12,36.024756476190475,840
2024-12-13,37.724663066746125,839
2024-12-14,42.14184748506572,837
2024-12-15,43.72606053110047,836
2024-12-16,45.66772421837709,838
2024-12-17,46.46649996066746,839
2024-12-18,44.70561093667862,837
2024-12-19,41.903824198573126,841
2024-12-20,39.865506487514864,841
2024-12-21,37.97727002147971,838
2024-12-22,39.16103567661098,838
2024-12-23,42.89272373690476,840
2024-12-24,43.13832550238095,840
2024-12-25,41.76951272076372,838
2024-12-26,43.19904817619048,840
2024-12-27,45.104420828367104,839
2024-12-28,48.020366996415774,837
2024-12-29,47.43504523775388,837
2024-12-30,45.58866996778043,838
2024-12-31,40.81500451555024,836
2025-01-01,37.543613635999996,750
2025-01-02,38.921625603195736,751
2025-01-03,39.042507125166445,751
2025-01-04,36.856226113333335,750
2025-01-05,35.9068518482024,751
2025-01-06,32.93135469680851,752
2025-01-07,31.881376134666667,750
2025-01-08,31.074132973333334,750
2025-01-09,32.00148345406125,751
2025-01-10,33.52390547473404,752
2025-01-11,35.65624947669774,751
2025-01-12,34.90057041544607,751
2025-01-13,32.79497954133333,750
2025-01-14,31.923291873333337,750
2025-01-15,33.55845160133333,750
2025-01-16,36.791939427430094,751
2025-01-17,38.4776332629482,753
2025-01-18,34.00593602122016,754
2025-01-19,26.724023685676393,754
2025-01-20,21.809399026525195,754
2025-01-21,22.882401694960212,754
2025-01-22,27.35036769107856,751
2025-01-23,30.550135949602122,754
2025-01-24,32.29222270822281,754
2025-01-25,33.53051112068965,754
2025-01-26,34.50232823771581,753
2025-01-27,35.40913867506631,754
2025-01-28,37.49624087698413,756
2025-01-29,39.469603288563825,752
2025-01-30,39.6234783355526,751
2025-01-31,41.76697300930851,752
2025-02-01,42.17704588227513,756
2025-02-02,45.07124515915119,754
2025-02-03,47.966392052840156,757
2025-02-04,45.01046894993413,759
2025-02-05,42.39543320184697,758
2025-02-06,43.56365482717678,758
2025-02-07,43.844135439894316,757
2025-02-08,40.73237772751323,756
2025-02-09,37.54591672486772,756
2025-02-10,34.446793854881264,758
2025-02-11,32.46972207926024,757
2025-02-12,30.852334890645583,759
2025-02-13,32.12470890450928,754
2025-02-14,36.50700552047556,757
2025-02-15,38.11034798013245,755
2025-02-16,35.711934118037135,754
2025-02-17,33.84424189006622,755
2025-02-18,32.13453420712401,758
2025-02-19,28.942255380263155,760
2025-02-20,30.355650631233594,762
2025-02-21,33.95522316535433,762
2025-02-22,37.63993893412385,759
2025-02-23,44.098263393139845,758
2025-02-24,49.27824510671937,759
2025-02-25,50.4516647654809,759
2025-02-26,49.243334028871395,762
2025-02-27,49.21219759264126,761
2025-02-28,49.53244354986876,762
2025-03-01,47.13169810602094,764
2025-03-02,43.64510147043364,761
2025-03-03,44.989285334645665,762
2025-03-04,47.04351121100917,763
2025-03-05,45.67838519371728,764
2025-03-06,43.09768229388816,769
2025-03-07,43.32920009114583,768
2025-03-08,43.25821748955614,766
2025-03-09,46.11394118252934,767
2025-03-10,50.328709070404166,767
2025-03-11,51.24883612239583,768
2025-03-12,51.15158929947916,768
2025-03-13,50.61683287890625,768
2025-03-14,49.27536160104302,767
2025-03-15,48.24853372834646,762
2025-03-16,48.86788442388451,762
2025-03-17,50.8105172007874,762
2025-03-18,49.60460383159269,766
2025-03-19,48.352773015625,768
2025-03-20,46.12540924479166,768
2025-03-21,48.292557061277705,767
2025-03-22,50.93830497229551,758
2025-03-23,51.245288600790516,759
2025-03-24,54.7320392290576,764
2025-03-25,56.46649485006518,767
2025-03-26,55.62273776692709,768
2025-03-27,56.19112603120936,769
2025-03-28,56.48761555006502,769
2025-03-29,54.44574882790091,767
2025-03-30,52.63607672774869,764
2025-03-31,51.46936212026144,765
2025-04-01,49.008381146052635,760
2025-04-02,50.24066640735874,761
2025-04-03,51.412689683311434,761
2025-04-04,51.409205312252965,759
2025-04-05,50.07646435046113,759
2025-04-06,49.58438510540184,759
2025-04-07,50.45623309486166,759
2025-04-08,51.43959668906456,759
2025-04-09,54.92308855190539,761
2025-04-10,57.278419718586385,764
2025-04-11,58.42237919764398,764
2025-04-12,57.635987054973825,764
2025-04-13,57.80342975,764
2025-04-14,58.558616231675394,764
2025-04-15,57.45937355176933,763
2025-04-16,57.25854588089005,764
2025-04-17,55.664289384313726,765
2025-04-18,55.698037585620916,765
2025-04-19,56.336442959477125,765
2025-04-20,57.66741112026144,765
2025-04-21,58.51848956544502,764
2025-04-22,60.32712963006536,765
2025-04-23,60.74697033986928,765
2025-04-24,60.32721906405229,765
2025-04-25,59.88572206405229,765
2025-04-26,58.85608070904325,763
2025-04-27,58.460810799212595,762
2025-04-28,60.5699179921466,764
2025-04-29,62.11853457984294,764
2025-04-30,60.650935689473684,760
2025-05-01,61.10670326240209,766
2025-05-02,61.66528736197916,768
2025-05-03,60.896423739243815,767
2025-05-04,59.62373457627118,767
2025-05-05,58.08968231901042,768
2025-05-06,58.3252422946545,767
2025-05-07,61.029981140808346,767
2025-05-08,63.45114441851369,767
2025-05-09,64.25519707431552,767
2025-05-10,66.08597489178618,767
2025-05-11,66.4308963637549,767
2025-05-12,66.54036102349869,766
2025-05-13,64.73106617885118,766
2025-05-14,63.89817476078431,765
2025-05-15,65.18807705483029,766
2025-05-16,66.46345792015707,764
2025-05-17,64.83322314210527,760
2025-05-18,62.794622383399215,759
2025-05-19,61.86968580865006,763
2025-05-20,62.71735290909091,759
2025-05-21,63.42390839973788,763
2025-05-22,64.40018438481675,764
2025-05-23,64.85593454237289,767
2025-05-24,65.19945134550196,767
2025-05-25,65.16202935509138,766
2025-05-26,65.09417877806789,766
2025-05-27,66.37001545691906,766
2025-05-28,66.43906427308193,769
2025-05-29,67.83570199609375,768
2025-05-30,70.19811460574412,766
2025-05-31,70.02989184031414,764
2025-06-01,69.445600780027,741
2025-06-02,68.27600631359354,743
2025-06-03,68.13251338575269,744
2025-06-04,68.34748618120805,745
2025-06-05,69.50420678120805,745
2025-06-06,70.83331343967829,746
2025-06-07,72.44216411155914,744
2025-06-08,72.16665264555256,742
2025-06-09,72.10199022207267,743
2025-06-10,72.84821759299192,742
2025-06-11,73.30423168513514,740
2025-06-12,72.85775546955345,739
2025-06-13,72.70043556738544,742
2025-06-14,72.91706070850204,741
2025-06-15,73.80227806224627,739
2025-06-16,74.20348806621621,740
2025-06-17,74.5396863414305,741
2025-06-18,75.37261902291105,742
2025-06-19,76.96297444999999,740
2025-06-20,76.22759377432432,740
2025-06-21,74.56380600809716,741
2025-06-22,73.14045818378379,740
2025-06-23,74.20359212972973,740
2025-06-24,75.49842429824561,741
2025-06-25,74.88721836962365,744
2025-06-26,74.4398714845222,743
2025-06-27,75.58009414285715,742
2025-06-28,76.24500937516869,741
2025-06-29,76.96361191316147,737
2025-06-30,77.00358130499325,741
2025-07-01,78.37805360125262,479
2025-07-02,78.186825,478
2025-07-03,77.1175886964657,481
2025-07-04,76.74239042619543,481
2025-07-05,77.42167697089397,481
2025-07-06,78.54597383367984,481
2025-07-07,78.86297054469854,481
2025-07-08,79.19149420000001,480
2025-07-09,79.2667838079332,479
2025-07-10,79.45263574321503,479
2025-07-11,79.15429202301254,478
2025-07-12,78.78326331512605,476
2025-07-13,79.01755450840336,476
2025-07-14,79.65998683647798,477
2025-07-15,79.98439939166666,480
2025-07-16,79.38119330208333,480
2025-07-17,78.38153472765073,481
2025-07-18,77.98010771933473,481
2025-07-19,78.58229003950105,481
2025-07-20,79.41273782120582,481
2025-07-21,78.01060485862786,481
2025-07-22,77.04559890852391,481
2025-07-23,77.81909287733889,481
2025-07-24,79.08543266112267,481
2025-07-25,78.75581038541667,480
2025-07-26,78.27868308559499,479
2025-07-27,79.00946421174005,477
2025-07-28,80.56408807098121,479
2025-07-29,80.89961126834382,477
2025-07-30,80.12514985146443,478
2025-07-31,78.01172148837209,473
2025-08-01,76.94030426041667,384
2025-08-02,76.2380405235602,382
2025-08-03,76.81597205263158,380
2025-08-04,77.24587378067885,383
2025-08-05,78.25335145169713,383
2025-08-06,79.64257708115184,382
2025-08-07,80.83439362924281,383
2025-08-08,80.4564018616188,383
2025-08-09,79.65174547643979,382
2025-08-10,79.31266986125655,382
2025-08-11,80.05014552755905,381
2025-08-12,80.74215349081365,381
2025-08-13,80.77985103947368,380
2025-08-14,80.57929190813648,381
2025-08-15,79.36030342519685,381
2025-08-16,79.04838685224274,379
2025-08-17,79.60795852645504,378
2025-08-18,78.74705423218997,379
2025-08-19,78.39012177690289,381
2025-08-20,78.71217202099737,381
2025-08-21,78.47704311811023,381
2025-08-22,78.17157120472442,381
2025-08-23,77.87364393175854,381
2025-08-24,77.13778476115486,381
2025-08-25,75.38715505774277,381
2025-08-26,73.13536291842105,380
2025-08-27,73.0159903236842,380
2025-08-28,74.16135911052632,380
2025-08-29,74.10573215526315,380
2025-08-30,74.10361696031747,378
2025-08-31,74.60014696031746,378
2025-09-01,74.60559570661157,242
2025-09-02,74.38040413636364,242
2025-09-03,74.33998884297522,242
2025-09-04,73.18071707468879,241
2025-09-05,71.47283290833334,240
2025-09-06,70.59635329831933,238
2025-09-07,70.43423759243699,238
2025-09-08,70.96482373109244,238
2025-09-09,70.7010523697479,238
2025-09-10,71.31820671008404,238
2025-09-11,72.0670726512605,238
2025-09-12,71.08637850840337,238
2025-09-13,70.61373997478991,238
2025-09-14,71.74669119327731,238
2025-09-15,73.20483095378152,238
2025-09-16,72.7736477605042,238
2025-09-17,71.60620679497907,239
2025-09-18,70.95573809623431,239
2025-09-19,70.63299904832714,269
2025-09-20,70.24416353183521,267
2025-09-21,69.56257805617977,267
2025-09-22,69.61367847211896,269
2025-09-23,69.42040752788104,269
2025-09-24,69.57849872490706,269
2025-09-25,69.54655181040891,269
2025-09-26,69.6778981189591,269
2025-09-27,68.42860906319703,269
2025-09-28,68.5908612007435,269
2025-09-29,68.30718207434944,269
2025-09-30,67.81402343122676,269
2025-10-01,63.10531109756098,41
2025-10-02,63.76634151219512,41
2025-10-03,66.35553563414635,41
2025-10-04,64.43516256097561,41
2025-10-05,63.40203253658537,41
2025-10-06,61.02977643902438,41
2025-10-07,59.462601634146345,41
2025-10-08,58.20921704878049,41
2025-10-09,58.033862902439026,41
2025-10-10,58.2256186097561,41
2025-10-11,57.56148375609756,41
2025-10-12,56.4726626097561,41
2025-10-13,57.26826173170732,41
2025-10-14,58.108956317073165,41
2025-10-15,56.03872834146341,41
2025-10-16,53.87303742857142,42
2025-10-17,55.771329333333334,42
2025-10-18,55.90248014285714,42
2025-10-19,53.890872952380946,42
2025-10-20,53.13681304761905,42
2025-10-21,50.560618738095236,42
2025-10-22,49.50083871428571,42
2025-10-23,49.152575071428565,42
2025-10-24,48.77251985714286,42
2025-10-25,50.43859126190476,42
2025-10-26,50.80317461904762,42
2025-10-27,48.48174604761905,42
2025-10-28,45.49553580952381,42
2025-10-29,45.441369,42
2025-10-30,45.50489992857143,42
2025-10-31,48.07485621428572,42
